date,year,day,month,weekday,consumption,holiday,workingday,temp,feelslike,humidity,windspeed,weathersit
2023-01-01,2023,1,1,0,50990646.0,1,0.0,26.5,27.4,67.3,14.8,2
2023-01-02,2023,2,1,1,60638038.0,1,0.0,26.7,28.7,79.6,10.1,2
2023-01-03,2023,3,1,2,74333647.0,0,1.0,28.1,29.8,73.4,15.7,2
2023-01-04,2023,4,1,3,75062469.0,0,1.0,27.6,28.6,64.2,22.3,2
2023-01-05,2023,5,1,4,72323966.0,0,1.0,25.8,26.4,72.4,24.1,2
2023-01-06,2023,6,1,5,70103958.0,0,1.0,25.7,26.3,70.4,24.1,2
2023-01-07,2023,7,1,6,67168035.0,0,0.5,25.9,26.3,66.1,18.4,2
2023-01-08,2023,8,1,0,58843165.0,0,0.0,25.9,27.1,73.3,11.2,2
2023-01-09,2023,9,1,1,71733072.0,0,1.0,26.7,28.1,85.7,18.4,2
2023-01-10,2023,10,1,2,71999979.0,0,1.0,26.3,27.8,87.5,22.3,2
2023-01-11,2023,11,1,3,71885752.0,0,1.0,27.2,29.0,79.4,18.4,2
2023-01-12,2023,12,1,4,72636920.0,0,1.0,27.5,29.8,79.1,16.6,2
2023-01-13,2023,13,1,5,73324544.9,0,1.0,27.7,30.5,81.9,13.0,2
2023-01-14,2023,14,1,6,70901639.0,0,0.5,28.6,31.8,79.1,13.0,2
2023-01-15,2023,15,1,0,62856714.0,0,0.0,28.6,30.4,73.2,14.8,1
2023-01-16,2023,16,1,1,68478056.0,0,1.0,28.5,30.7,75.4,15.4,2
2023-01-17,2023,17,1,2,64148758.0,0,1.0,27.4,29.0,76.0,18.4,1
2023-01-18,2023,18,1,3,57668679.3,0,1.0,27.1,28.1,67.9,18.4,1
2023-01-19,2023,19,1,4,51101382.0,0,1.0,27.6,29.0,64.8,13.2,1
2023-01-20,2023,20,1,5,46575515.0,1,0.0,27.7,30.1,73.0,13.0,2
2023-01-21,2023,21,1,6,45438053.0,1,0.0,28.8,31.3,67.8,13.0,2
2023-01-22,2023,22,1,0,42824123.3,1,0.0,28.8,32.1,74.0,20.5,2
2023-01-23,2023,23,1,1,41829940.0,1,0.0,29.2,32.2,71.7,18.4,2
2023-01-24,2023,24,1,2,40947808.0,1,0.0,28.0,29.2,73.1,26.8,2
2023-01-25,2023,25,1,3,38423958.0,1,0.0,26.6,27.0,65.3,14.8,2
2023-01-26,2023,26,1,4,40433576.0,1,0.0,27.0,27.7,62.2,11.2,1
2023-01-27,2023,27,1,5,49411165.0,0,1.0,27.5,29.3,76.4,13.4,1
2023-01-28,2023,28,1,6,48769030.0,0,0.5,27.1,27.8,59.4,20.5,1
2023-01-29,2023,29,1,0,47834285.0,0,0.0,25.7,26.0,59.2,15.3,1
2023-01-30,2023,30,1,1,59014408.0,0,1.0,25.1,25.5,65.5,14.8,1
2023-01-31,2023,31,1,2,66646106.2,0,1.0,27.0,28.5,71.9,16.6,1
2023-02-01,2023,1,2,3,70517268.0,0,1.0,27.3,29.1,76.0,13.0,2
2023-02-02,2023,2,2,4,72937767.0,0,1.0,27.8,30.7,79.5,16.6,1
2023-02-03,2023,3,2,5,74991464.0,0,1.0,29.4,31.7,65.7,20.5,1
2023-02-04,2023,4,2,6,74190306.0,0,0.5,29.1,30.7,63.9,22.3,1
2023-02-05,2023,5,2,0,64236011.0,0,0.0,28.4,29.8,66.6,14.8,1
2023-02-06,2023,6,2,1,77063759.0,0,1.0,28.9,30.9,65.2,18.4,1
2023-02-07,2023,7,2,2,79508664.0,0,1.0,28.6,31.2,70.6,18.4,1
2023-02-08,2023,8,2,3,80553964.0,0,1.0,28.9,31.3,70.0,18.4,2
2023-02-09,2023,9,2,4,80915482.0,0,1.0,29.5,31.7,63.1,22.3,2
2023-02-10,2023,10,2,5,79670039.0,0,1.0,29.2,30.4,60.3,24.1,1
2023-02-11,2023,11,2,6,76818085.0,0,0.5,28.8,30.9,69.9,22.3,1
2023-02-12,2023,12,2,0,66810851.0,0,0.0,28.9,31.8,70.5,20.5,1
2023-02-13,2023,13,2,1,79377979.8,0,1.0,28.5,31.9,75.6,22.3,1
2023-02-14,2023,14,2,2,79924127.0,0,1.0,27.9,30.1,78.2,20.5,1
2023-02-15,2023,15,2,3,80242869.0,0,1.0,28.6,30.2,68.2,18.4,2
2023-02-16,2023,16,2,4,79068905.0,0,1.0,27.8,28.7,64.4,14.8,1
2023-02-17,2023,17,2,5,79759453.0,0,1.0,28.4,29.7,64.2,16.6,2
2023-02-18,2023,18,2,6,76653841.3,0,0.5,27.7,29.7,78.4,18.4,2
2023-02-19,2023,19,2,0,65612512.0,0,0.0,27.9,30.1,76.9,22.3,2
2023-02-20,2023,20,2,1,76397471.0,0,1.0,27.6,28.9,75.1,20.5,2
2023-02-21,2023,21,2,2,78330293.0,0,1.0,27.7,28.8,69.9,20.5,1
2023-02-22,2023,22,2,3,78182834.6,0,1.0,27.5,28.8,70.9,16.6,1
2023-02-23,2023,23,2,4,78082919.0,0,1.0,27.9,29.3,69.6,16.0,1
2023-02-24,2023,24,2,5,77826408.0,0,1.0,27.5,28.5,72.0,19.6,1
2023-02-25,2023,25,2,6,72598469.0,0,0.5,27.2,28.0,65.5,14.8,1
2023-02-26,2023,26,2,0,61908233.0,0,0.0,27.7,28.1,54.7,16.6,1
2023-02-27,2023,27,2,1,74861347.0,0,1.0,27.7,28.7,58.1,18.4,1
2023-02-28,2023,28,2,2,79161406.0,0,1.0,28.5,30.5,65.5,14.8,2
2023-03-01,2023,1,3,3,81365174.0,0,1.0,28.9,31.1,70.2,24.1,2
2023-03-02,2023,2,3,4,81620462.0,0,1.0,29.1,30.8,64.8,16.6,1
2023-03-03,2023,3,3,5,78935113.0,0,1.0,27.8,28.9,63.0,18.4,1
2023-03-04,2023,4,3,6,73223839.0,0,0.5,26.9,27.5,64.9,14.8,1
2023-03-05,2023,5,3,0,61584735.0,0,0.0,27.1,27.1,58.7,16.6,1
2023-03-06,2023,6,3,1,73260733.0,0,1.0,26.6,27.3,63.0,24.1,1
2023-03-07,2023,7,3,2,75157862.0,0,1.0,27.2,27.6,63.0,18.4,1
2023-03-08,2023,8,3,3,75536075.0,0,1.0,27.2,27.8,65.8,20.5,1
2023-03-09,2023,9,3,4,75527562.0,0,1.0,27.2,27.5,64.4,18.4,1
2023-03-10,2023,10,3,5,75109221.0,0,1.0,26.8,27.4,70.5,18.4,1
2023-03-11,2023,11,3,6,71585557.0,0,0.5,27.3,28.3,69.7,18.4,1
2023-03-12,2023,12,3,0,61095794.0,0,0.0,27.5,28.3,69.0,16.6,1
2023-03-13,2023,13,3,1,74365600.9,0,1.0,27.7,28.4,64.4,18.4,1
2023-03-14,2023,14,3,2,76641421.0,0,1.0,27.8,28.1,62.8,18.4,1
2023-03-15,2023,15,3,3,77273936.0,0,1.0,27.6,28.1,66.8,18.4,1
2023-03-16,2023,16,3,4,79119902.0,0,1.0,28.6,29.5,61.2,22.2,1
2023-03-17,2023,17,3,5,79216437.0,0,1.0,28.4,29.7,66.9,20.5,1
2023-03-18,2023,18,3,6,75779162.1,0,0.5,28.6,30.4,67.5,20.5,1
2023-03-19,2023,19,3,0,67317983.0,0,0.0,29.5,31.5,65.0,20.5,1
2023-03-20,2023,20,3,1,80671627.0,0,1.0,29.2,31.9,70.6,20.5,1
2023-03-21,2023,21,3,2,84144531.0,0,1.0,29.0,32.3,75.3,20.5,1
2023-03-22,2023,22,3,3,83371828.7,0,1.0,29.0,32.0,75.4,18.4,1
2023-03-23,2023,23,3,4,83978016.0,0,1.0,29.3,33.4,74.6,14.8,1
2023-03-24,2023,24,3,5,84044364.0,0,1.0,29.4,33.7,76.0,22.3,1
2023-03-25,2023,25,3,6,79182088.0,0,0.5,28.8,32.6,76.2,18.4,1
2023-03-26,2023,26,3,0,69192215.0,0,0.0,29.5,32.7,73.0,18.6,1
2023-03-27,2023,27,3,1,83197555.0,0,1.0,29.5,34.2,75.5,18.4,2
2023-03-28,2023,28,3,2,86852606.0,0,1.0,30.3,35.6,72.9,24.1,2
2023-03-29,2023,29,3,3,85969251.0,0,1.0,30.1,32.8,64.8,16.6,2
2023-03-30,2023,30,3,4,85548745.0,0,1.0,29.5,33.8,72.5,24.1,1
2023-03-31,2023,31,3,5,83719045.7,0,1.0,29.2,33.7,75.5,18.4,2
2023-04-01,2023,1,4,6,79308538.0,0,0.5,29.1,34.0,77.4,18.4,1
2023-04-02,2023,2,4,0,70234087.0,0,0.0,29.7,33.4,73.2,17.7,2
2023-04-03,2023,3,4,1,83494531.0,0,1.0,29.2,34.0,77.7,18.4,2
2023-04-04,2023,4,4,2,86359360.0,0,1.0,30.1,35.6,75.5,22.3,2
2023-04-05,2023,5,4,3,87281041.0,0,1.0,30.2,35.9,75.1,18.4,2
2023-04-06,2023,6,4,4,88524931.0,0,1.0,30.2,35.7,75.1,19.9,2
2023-04-07,2023,7,4,5,88537092.0,0,1.0,30.4,36.2,72.9,20.3,2
2023-04-08,2023,8,4,6,85085183.0,0,0.5,31.0,35.9,68.6,16.6,1
2023-04-09,2023,9,4,0,75484722.0,0,0.0,30.7,36.6,72.3,22.3,2
2023-04-10,2023,10,4,1,86941470.0,0,1.0,30.0,35.9,76.8,18.4,2
2023-04-11,2023,11,4,2,88646207.0,0,1.0,30.1,36.2,75.8,16.0,2
2023-04-12,2023,12,4,3,88821535.0,0,1.0,30.1,37.1,79.2,16.6,2
2023-04-13,2023,13,4,4,90861146.5,0,1.0,30.8,38.3,77.7,14.8,2
2023-04-14,2023,14,4,5,91816412.0,0,1.0,31.0,40.2,79.9,16.6,2
2023-04-15,2023,15,4,6,87017356.0,0,0.5,30.2,38.6,83.3,22.3,2
2023-04-16,2023,16,4,0,71276726.0,0,0.0,28.7,33.7,84.9,16.6,2
2023-04-17,2023,17,4,1,85790459.0,0,1.0,30.1,37.8,82.1,18.4,2
2023-04-18,2023,18,4,2,88300187.1,0,1.0,30.2,36.7,77.0,20.5,2
2023-04-19,2023,19,4,3,89347349.0,0,1.0,30.3,37.8,79.8,18.4,2
2023-04-20,2023,20,4,4,91547229.0,0,1.0,30.9,39.2,79.4,16.6,2
2023-04-21,2023,21,4,5,93530136.0,0,1.0,31.1,41.1,82.3,19.6,2
2023-04-22,2023,22,4,6,92343243.7,0,0.5,31.5,41.2,78.8,20.5,2
2023-04-23,2023,23,4,0,81046647.0,0,0.0,31.2,38.2,74.1,17.7,1
2023-04-24,2023,24,4,1,92090221.0,0,1.0,31.1,38.0,74.3,19.3,2
2023-04-25,2023,25,4,2,93566145.0,0,1.0,31.3,37.4,70.2,18.4,1
2023-04-26,2023,26,4,3,92749953.0,0,1.0,30.9,37.0,70.7,18.4,2
2023-04-27,2023,27,4,4,92483371.0,0,1.0,31.3,37.5,69.1,20.9,2
2023-04-28,2023,28,4,5,88808995.0,0,1.0,31.2,37.4,69.9,22.3,2
2023-04-29,2023,29,4,6,69592408.0,1,0.0,31.1,37.8,72.1,18.4,1
2023-04-30,2023,30,4,0,61718550.0,1,0.0,30.8,37.8,75.0,17.7,2
2023-05-01,2023,1,5,1,60556371.0,1,0.0,30.9,36.0,70.1,20.5,1
2023-05-02,2023,2,5,2,69300308.0,1,0.0,31.9,37.0,63.0,22.3,1
2023-05-03,2023,3,5,3,85590283.0,1,0.0,32.0,37.8,64.2,20.5,1
2023-05-04,2023,4,5,4,93245797.0,0,1.0,31.5,38.2,70.2,22.3,1
2023-05-05,2023,5,5,5,94441797.0,0,1.0,31.4,39.6,75.2,16.6,2
2023-05-06,2023,6,5,6,94802677.0,0,0.5,32.4,41.2,72.2,20.5,1
2023-05-07,2023,7,5,0,84989650.0,0,0.0,31.6,41.6,78.5,18.4,2
2023-05-08,2023,8,5,1,90664317.0,0,1.0,29.5,36.4,84.2,20.5,2
2023-05-09,2023,9,5,2,85598834.0,0,1.0,27.8,31.8,89.9,20.6,2
2023-05-10,2023,10,5,3,88823668.0,0,1.0,30.0,36.1,81.4,18.4,2
2023-05-11,2023,11,5,4,90687630.0,0,1.0,30.3,38.9,82.2,16.6,2
2023-05-12,2023,12,5,5,89573956.0,0,1.0,29.7,36.9,83.2,27.7,2
2023-05-13,2023,13,5,6,87096556.2,0,0.5,30.3,38.2,82.1,16.6,2
2023-05-14,2023,14,5,0,78424939.0,0,0.0,31.2,38.8,74.9,22.3,2
2023-05-15,2023,15,5,1,88025536.0,0,1.0,30.2,36.7,78.3,22.3,2
2023-05-16,2023,16,5,2,86848266.0,0,1.0,29.3,36.4,86.2,37.9,2
2023-05-17,2023,17,5,3,86532185.0,0,1.0,29.8,37.8,85.5,18.4,2
2023-05-18,2023,18,5,4,88415277.9,0,1.0,30.6,37.9,78.8,19.6,2
2023-05-19,2023,19,5,5,93563876.0,0,1.0,31.6,39.9,75.1,18.4,2
2023-05-20,2023,20,5,6,88441631.0,0,0.5,30.0,37.9,82.6,41.5,2
2023-05-21,2023,21,5,0,70432282.0,0,0.0,28.1,33.7,90.5,18.4,2
2023-05-22,2023,22,5,1,82038915.5,0,1.0,28.7,34.2,87.3,25.9,2
2023-05-23,2023,23,5,2,86935997.0,0,1.0,30.1,37.3,81.6,20.5,2
2023-05-24,2023,24,5,3,89890468.0,0,1.0,30.3,37.8,80.7,25.9,2
2023-05-25,2023,25,5,4,89600588.0,0,1.0,30.1,37.9,81.7,24.1,2
2023-05-26,2023,26,5,5,84014973.0,0,1.0,28.4,34.6,89.3,20.5,2
2023-05-27,2023,27,5,6,73888144.0,0,0.5,26.4,28.1,94.3,18.6,2
2023-05-28,2023,28,5,0,63764236.0,0,0.0,27.5,31.6,91.0,24.1,2
2023-05-29,2023,29,5,1,79319495.0,0,1.0,28.8,35.1,87.1,20.5,2
2023-05-30,2023,30,5,2,83038879.0,0,1.0,29.5,36.4,83.9,29.5,2
2023-05-31,2023,31,5,3,84614545.5,0,1.0,29.1,36.1,87.3,25.9,2
2023-06-01,2023,1,6,4,87721305.0,0,1.0,30.1,38.9,85.2,26.1,2
2023-06-02,2023,2,6,5,89158946.0,0,1.0,30.3,39.2,83.8,24.5,2
2023-06-03,2023,3,6,6,85663431.0,0,0.5,30.6,39.8,83.0,24.1,2
2023-06-04,2023,4,6,0,74036457.0,0,0.0,29.7,36.6,84.2,29.5,2
2023-06-05,2023,5,6,1,80862380.0,0,1.0,27.6,31.2,92.1,22.9,2
2023-06-06,2023,6,6,2,80453743.0,0,1.0,27.8,32.0,90.7,31.7,2
2023-06-07,2023,7,6,3,81250385.0,0,1.0,28.4,34.1,88.0,22.3,2
2023-06-08,2023,8,6,4,82366930.0,0,1.0,28.7,34.2,85.7,24.1,2
2023-06-09,2023,9,6,5,82110827.0,0,1.0,28.4,34.4,89.7,24.1,2
2023-06-10,2023,10,6,6,76483241.0,0,0.5,28.1,33.4,90.5,27.7,2
2023-06-11,2023,11,6,0,66917253.0,0,0.0,29.0,34.7,86.3,27.7,2
2023-06-12,2023,12,6,1,81010118.0,0,1.0,28.7,33.7,86.2,22.9,2
2023-06-13,2023,13,6,2,80275485.1,0,1.0,28.2,32.4,87.3,18.4,2
2023-06-14,2023,14,6,3,85614437.0,0,1.0,30.4,38.0,80.5,22.3,2
2023-06-15,2023,15,6,4,87259463.0,0,1.0,30.0,36.6,80.5,19.7,2
2023-06-16,2023,16,6,5,86771865.0,0,1.0,29.9,36.8,81.3,24.5,2
2023-06-17,2023,17,6,6,79195497.0,0,0.5,28.6,34.2,87.9,20.5,2
2023-06-18,2023,18,6,0,66276473.6,0,0.0,28.1,32.5,87.2,16.6,2
2023-06-19,2023,19,6,1,83833736.0,0,1.0,30.1,35.8,78.6,18.4,2
2023-06-20,2023,20,6,2,90432014.0,0,1.0,30.8,37.9,76.8,24.5,1
2023-06-21,2023,21,6,3,90610200.0,0,1.0,30.6,37.8,76.7,20.5,2
2023-06-22,2023,22,6,4,88813319.7,0,1.0,30.2,36.4,77.0,28.4,2
2023-06-23,2023,23,6,5,86209032.0,0,1.0,29.8,34.7,78.4,16.6,2
2023-06-24,2023,24,6,6,82660669.0,0,0.5,29.6,36.7,84.9,14.8,2
2023-06-25,2023,25,6,0,67011817.0,0,0.0,27.6,31.6,91.4,25.9,2
2023-06-26,2023,26,6,1,80468884.0,0,1.0,28.7,33.2,84.3,22.3,2
2023-06-27,2023,27,6,2,83553731.0,0,1.0,28.6,33.5,86.5,17.7,2
2023-06-28,2023,28,6,3,82516353.0,0,1.0,28.3,33.3,90.5,22.3,2
2023-06-29,2023,29,6,4,81142822.0,0,1.0,28.1,33.4,90.5,18.4,2
2023-06-30,2023,30,6,5,80486437.0,0,1.0,28.7,34.2,89.8,37.5,2
2023-07-01,2023,1,7,6,74013980.0,0,0.5,27.5,30.6,92.0,22.3,2
2023-07-02,2023,2,7,0,60973227.0,0,0.0,26.5,28.9,95.0,20.5,2
2023-07-03,2023,3,7,1,76566239.0,0,1.0,28.3,32.9,87.7,14.8,2
2023-07-04,2023,4,7,2,81465782.0,0,1.0,29.2,33.9,79.8,14.1,2
2023-07-05,2023,5,7,3,84068153.0,0,1.0,28.6,33.0,86.4,18.4,2
2023-07-06,2023,6,7,4,81154710.0,0,1.0,28.2,32.7,88.4,16.6,2
2023-07-07,2023,7,7,5,83725219.0,0,1.0,29.8,35.5,81.8,18.4,2
2023-07-08,2023,8,7,6,78132501.0,0,0.5,28.8,35.9,89.8,14.8,2
2023-07-09,2023,9,7,0,66065271.0,0,0.0,27.5,31.4,92.8,13.1,2
2023-07-10,2023,10,7,1,80758357.0,0,1.0,29.2,34.6,83.4,14.8,2
2023-07-11,2023,11,7,2,86582021.0,0,1.0,30.0,36.5,81.6,18.4,2
2023-07-12,2023,12,7,3,88466841.0,0,1.0,30.0,37.6,82.8,14.1,2
2023-07-13,2023,13,7,4,87776824.2,0,1.0,29.3,36.7,86.6,21.6,2
2023-07-14,2023,14,7,5,81428802.0,0,1.0,28.1,32.3,88.2,25.9,2
2023-07-15,2023,15,7,6,78094314.0,0,0.5,29.0,35.0,86.6,22.3,2
2023-07-16,2023,16,7,0,66694088.0,0,0.0,27.7,32.6,93.0,25.9,2
2023-07-17,2023,17,7,1,75092810.0,0,1.0,27.3,29.8,91.8,31.7,2
2023-07-18,2023,18,7,2,77750475.9,0,1.0,27.9,32.3,90.0,37.1,2
2023-07-19,2023,19,7,3,79891960.0,0,1.0,28.0,31.6,89.0,26.5,2
2023-07-20,2023,20,7,4,76706218.0,0,1.0,26.5,28.3,94.0,24.1,2
2023-07-21,2023,21,7,5,73856818.0,0,1.0,26.3,28.6,95.2,19.3,2
2023-07-22,2023,22,7,6,71215459.5,0,0.5,27.4,30.5,91.6,16.6,2
2023-07-23,2023,23,7,0,60837360.0,0,0.0,27.2,30.1,91.4,20.5,2
2023-07-24,2023,24,7,1,72720422.0,0,1.0,26.9,29.9,94.8,38.9,2
2023-07-25,2023,25,7,2,76587425.0,0,1.0,27.6,30.8,91.0,25.1,2
2023-07-26,2023,26,7,3,78170087.0,0,1.0,28.2,32.4,89.1,29.5,2
2023-07-27,2023,27,7,4,78109168.0,0,1.0,27.7,33.4,94.5,30.1,2
2023-07-28,2023,28,7,5,78599449.0,0,1.0,28.4,33.9,89.2,37.1,2
2023-07-29,2023,29,7,6,72428580.0,0,0.5,27.5,32.0,92.6,35.3,2
2023-07-30,2023,30,7,0,63300238.0,0,0.0,28.0,34.3,94.2,29.5,2
2023-07-31,2023,31,7,1,78684622.8,0,1.0,28.8,35.9,89.9,22.3,2
2023-08-01,2023,1,8,2,81980593.0,0,1.0,28.8,34.7,87.7,25.9,2
2023-08-02,2023,2,8,3,83124364.0,0,1.0,29.1,36.5,89.5,27.7,2
2023-08-03,2023,3,8,4,81635275.0,0,1.0,28.7,36.3,92.3,29.4,2
2023-08-04,2023,4,8,5,82107596.0,0,1.0,29.1,36.7,89.3,27.7,2
2023-08-05,2023,5,8,6,79053444.0,0,0.5,29.4,36.8,87.6,26.5,2
2023-08-06,2023,6,8,0,70433181.0,0,0.0,29.5,36.2,83.9,31.7,2
2023-08-07,2023,7,8,1,85303469.0,0,1.0,29.8,36.7,82.5,25.9,2
2023-08-08,2023,8,8,2,88695367.0,0,1.0,30.0,37.6,83.6,22.3,2
2023-08-09,2023,9,8,3,90325024.0,0,1.0,30.2,38.0,83.0,27.7,2
2023-08-10,2023,10,8,4,90998825.0,0,1.0,30.2,38.1,83.2,24.1,2
2023-08-11,2023,11,8,5,90858767.0,0,1.0,30.4,38.1,81.0,25.9,2
2023-08-12,2023,12,8,6,86096261.0,0,0.5,30.3,38.1,82.2,29.5,2
2023-08-13,2023,13,8,0,74331710.8,0,0.0,29.3,36.0,86.1,27.7,2
2023-08-14,2023,14,8,1,86365095.0,0,1.0,29.5,37.4,88.9,22.3,2
2023-08-15,2023,15,8,2,87931924.0,0,1.0,29.8,37.0,82.8,29.5,2
2023-08-16,2023,16,8,3,87227143.0,0,1.0,29.0,36.1,88.6,31.7,2
2023-08-17,2023,17,8,4,85528846.0,0,1.0,28.7,35.4,90.8,19.6,2
2023-08-18,2023,18,8,5,83234897.5,0,1.0,28.4,33.3,89.3,22.3,2
2023-08-19,2023,19,8,6,78346760.0,0,0.5,28.5,34.0,89.0,24.1,2
2023-08-20,2023,20,8,0,66498591.0,0,0.0,27.4,31.1,93.1,33.5,2
2023-08-21,2023,21,8,1,79555549.0,0,1.0,28.7,33.9,86.6,18.4,2
2023-08-22,2023,22,8,2,83595808.2,0,1.0,29.0,34.9,87.3,29.5,2
2023-08-23,2023,23,8,3,86038443.0,0,1.0,29.7,36.2,83.5,24.1,2
2023-08-24,2023,24,8,4,87762021.0,0,1.0,29.7,35.8,81.4,20.5,2
2023-08-25,2023,25,8,5,89533130.0,0,1.0,30.3,37.6,80.6,22.3,2
2023-08-26,2023,26,8,6,85009748.0,0,0.5,29.7,36.5,82.7,25.2,2
2023-08-27,2023,27,8,0,73341532.0,0,0.0,29.0,35.2,87.1,22.7,2
2023-08-28,2023,28,8,1,84340239.0,0,1.0,28.9,35.3,91.0,29.3,2
2023-08-29,2023,29,8,2,86537998.0,0,1.0,29.0,35.6,87.7,26.4,2
2023-08-30,2023,30,8,3,80613925.0,0,1.0,27.1,30.8,96.4,22.0,2
2023-08-31,2023,31,8,4,77233195.1,0,1.0,27.7,33.3,95.3,34.8,2
2023-09-01,2023,1,9,5,64427091.0,1,0.0,27.8,32.8,94.8,27.2,2
2023-09-02,2023,2,9,6,54505153.0,1,0.0,27.8,32.9,94.5,33.6,2
2023-09-03,2023,3,9,0,55351896.0,1,0.0,27.6,32.8,96.4,25.2,2
2023-09-04,2023,4,9,1,68789489.0,1,0.0,28.2,33.8,91.8,32.4,2
2023-09-05,2023,5,9,2,79189393.0,0,1.0,27.8,33.0,94.6,26.3,2
2023-09-06,2023,6,9,3,83250522.0,0,1.0,29.1,35.4,88.1,16.2,2
2023-09-07,2023,7,9,4,84694027.0,0,1.0,28.6,35.5,91.9,16.2,2
2023-09-08,2023,8,9,5,82648193.0,0,1.0,27.8,32.8,93.3,35.0,2
2023-09-09,2023,9,9,6,75911407.0,0,0.5,27.4,31.3,93.7,20.0,2
2023-09-10,2023,10,9,0,66596206.0,0,0.0,28.0,32.5,89.1,25.2,2
2023-09-11,2023,11,9,1,78733914.0,0,1.0,28.0,31.7,85.9,22.0,2
2023-09-12,2023,12,9,2,81609704.0,0,1.0,28.1,33.2,89.2,21.7,2
2023-09-13,2023,13,9,3,83233524.8,0,1.0,28.3,32.8,89.1,27.0,2
2023-09-14,2023,14,9,4,82805660.0,0,1.0,27.6,30.6,89.6,24.5,2
2023-09-15,2023,15,9,5,80612223.0,0,1.0,27.9,32.4,88.8,25.5,2
2023-09-16,2023,16,9,6,77306321.0,0,0.5,27.8,32.6,90.8,22.7,2
2023-09-17,2023,17,9,0,67753171.0,0,0.0,27.9,32.3,90.0,13.4,2
2023-09-18,2023,18,9,1,81302649.7,0,1.0,29.1,34.6,84.8,13.7,2
2023-09-19,2023,19,9,2,84768713.0,0,1.0,28.7,33.5,88.9,14.4,2
2023-09-20,2023,20,9,3,84705764.0,0,1.0,28.8,33.8,86.7,16.6,2
2023-09-21,2023,21,9,4,83350748.0,0,1.0,27.7,32.0,91.0,11.9,2
2023-09-22,2023,22,9,5,81694505.4,0,1.0,27.7,32.1,92.4,22.7,2
2023-09-23,2023,23,9,6,77610044.0,0,0.5,27.6,31.7,92.5,18.8,2
2023-09-24,2023,24,9,0,67484835.0,0,0.0,27.7,31.5,90.9,17.5,2
2023-09-25,2023,25,9,1,78327095.0,0,1.0,27.6,31.7,91.7,23.1,2
2023-09-26,2023,26,9,2,79452361.0,0,1.0,27.2,30.6,95.0,29.3,2
2023-09-27,2023,27,9,3,78226562.0,0,1.0,26.9,29.6,94.4,27.3,2
2023-09-28,2023,28,9,4,80718897.0,0,1.0,28.4,32.6,85.7,20.5,2
2023-09-29,2023,29,9,5,83745952.0,0,1.0,29.5,35.9,83.0,18.9,2
2023-09-30,2023,30,9,6,76320681.0,0,0.5,26.9,29.8,93.2,19.2,2
2023-10-01,2023,1,10,0,65714417.0,0,0.0,27.1,29.9,95.1,16.2,2
2023-10-02,2023,2,10,1,72759841.0,0,1.0,25.8,25.9,98.4,9.8,2
2023-10-03,2023,3,10,2,76341426.0,0,1.0,27.1,30.9,93.1,20.5,2
2023-10-04,2023,4,10,3,80080825.0,0,1.0,28.3,33.6,90.2,18.8,2
2023-10-05,2023,5,10,4,80404422.0,0,1.0,27.8,32.0,92.3,12.6,2
2023-10-06,2023,6,10,5,80595370.0,0,1.0,28.2,32.2,89.8,20.7,2
2023-10-07,2023,7,10,6,78454113.0,0,0.5,28.7,33.2,86.3,13.7,2
2023-10-08,2023,8,10,0,69941806.0,0,0.0,28.9,33.7,86.1,16.2,2
2023-10-09,2023,9,10,1,82338707.0,0,1.0,29.0,34.2,83.4,15.1,2
2023-10-10,2023,10,10,2,84314815.0,0,1.0,28.3,35.1,92.1,13.3,2
2023-10-11,2023,11,10,3,86164076.0,0,1.0,29.8,36.0,83.4,16.9,2
2023-10-12,2023,12,10,4,86192379.0,0,1.0,28.7,34.3,88.3,20.7,2
2023-10-13,2023,13,10,5,81760642.2,0,1.0,27.8,33.1,92.7,10.4,2
2023-10-14,2023,14,10,6,79223553.0,0,0.5,28.8,34.2,88.4,14.4,2
2023-10-15,2023,15,10,0,68663500.0,0,0.0,28.2,32.4,88.7,17.4,2
2023-10-16,2023,16,10,1,78208584.0,0,1.0,27.3,31.4,93.7,12.6,2
2023-10-17,2023,17,10,2,82124982.0,0,1.0,28.3,32.8,88.1,19.2,2
2023-10-18,2023,18,10,3,84220239.6,0,1.0,28.8,34.3,86.5,13.6,2
2023-10-19,2023,19,10,4,84350745.0,0,1.0,28.8,35.5,88.5,18.7,2
2023-10-20,2023,20,10,5,83002587.0,0,1.0,28.5,34.5,87.3,26.1,2
2023-10-21,2023,21,10,6,79354716.0,0,0.5,28.0,32.2,90.5,16.0,2
2023-10-22,2023,22,10,0,69699862.9,0,0.0,27.9,31.4,90.1,15.7,2
2023-10-23,2023,23,10,1,77895341.0,0,1.0,26.8,29.9,92.7,23.2,2
2023-10-24,2023,24,10,2,80010594.0,0,1.0,27.9,32.6,88.0,13.7,2
2023-10-25,2023,25,10,3,81568076.0,0,1.0,27.7,31.9,92.3,12.2,2
2023-10-26,2023,26,10,4,81808593.0,0,1.0,28.1,33.2,89.8,10.7,2
2023-10-27,2023,27,10,5,83143824.0,0,1.0,28.8,34.8,87.8,12.6,2
2023-10-28,2023,28,10,6,77209856.0,0,0.5,27.3,30.5,89.9,12.8,2
2023-10-29,2023,29,10,0,66756086.0,0,0.0,26.7,28.9,94.2,17.8,2
2023-10-30,2023,30,10,1,78640121.0,0,1.0,27.8,32.4,88.8,14.0,2
2023-10-31,2023,31,10,2,81858979.6,0,1.0,27.7,30.3,87.9,12.0,2
2023-11-01,2023,1,11,3,83196842.0,0,1.0,28.3,32.5,86.3,15.0,2
2023-11-02,2023,2,11,4,83190413.0,0,1.0,28.1,32.4,89.9,16.2,2
2023-11-03,2023,3,11,5,82215019.0,0,1.0,27.9,31.7,90.3,20.2,2
2023-11-04,2023,4,11,6,78963109.0,0,0.5,28.6,33.4,84.4,15.7,2
2023-11-05,2023,5,11,0,70955783.0,0,0.0,28.8,33.6,85.4,17.6,2
2023-11-06,2023,6,11,1,82416890.0,0,1.0,28.6,33.1,83.9,22.9,2
2023-11-07,2023,7,11,2,84628094.0,0,1.0,28.4,33.2,87.6,16.2,2
2023-11-08,2023,8,11,3,85908999.0,0,1.0,29.2,34.5,83.7,18.5,2
2023-11-09,2023,9,11,4,87524801.0,0,1.0,29.5,36.0,85.4,19.3,2
2023-11-10,2023,10,11,5,85351246.0,0,1.0,28.6,33.4,85.9,14.8,2
2023-11-11,2023,11,11,6,82767986.0,0,0.5,29.5,34.5,80.2,20.0,2
2023-11-12,2023,12,11,0,73241580.0,0,0.0,29.1,33.6,81.5,16.6,2
2023-11-13,2023,13,11,1,86556953.8,0,1.0,29.6,35.6,83.9,17.3,2
2023-11-14,2023,14,11,2,88233169.0,0,1.0,28.9,34.1,85.7,18.2,2
2023-11-15,2023,15,11,3,84605619.0,0,1.0,28.0,31.9,86.7,20.7,2
2023-11-16,2023,16,11,4,81991015.0,0,1.0,27.2,30.3,90.6,17.3,2
2023-11-17,2023,17,11,5,80547264.0,0,1.0,28.2,30.7,77.2,17.6,2
2023-11-18,2023,18,11,6,74839251.2,0,0.5,27.7,28.8,66.0,16.0,1
2023-11-19,2023,19,11,0,65047189.0,0,0.0,27.6,29.5,69.7,13.3,1
2023-11-20,2023,20,11,1,78858565.0,0,1.0,28.0,30.7,74.5,12.2,2
2023-11-21,2023,21,11,2,83222739.0,0,1.0,29.0,32.9,77.9,10.4,2
2023-11-22,2023,22,11,3,83040307.0,0,1.0,28.0,31.1,78.1,10.1,2
2023-11-23,2023,23,11,4,82991486.0,0,1.0,27.5,30.7,92.6,15.1,2
2023-11-24,2023,24,11,5,78351131.0,0,1.0,26.8,28.7,83.2,9.4,2
2023-11-25,2023,25,11,6,76114070.0,0,0.5,28.1,30.4,73.7,12.6,2
2023-11-26,2023,26,11,0,68848121.0,0,0.0,28.3,32.4,86.4,11.2,2
2023-11-27,2023,27,11,1,80067281.0,0,1.0,28.5,30.5,73.4,16.9,2
2023-11-28,2023,28,11,2,81747366.0,0,1.0,28.1,29.8,68.6,12.7,2
2023-11-29,2023,29,11,3,84066367.0,0,1.0,28.7,32.6,77.5,14.0,2
2023-11-30,2023,30,11,4,86898525.0,0,1.0,29.7,35.3,81.2,12.3,2
2023-12-01,2023,1,12,5,86609232.0,0,1.0,29.6,34.1,77.5,16.2,2
2023-12-02,2023,2,12,6,79749041.0,0,0.5,28.1,31.5,81.8,16.0,2
2023-12-03,2023,3,12,0,67150861.0,0,0.0,27.4,30.7,87.3,18.4,2
2023-12-04,2023,4,12,1,81492239.0,0,1.0,29.0,32.8,78.5,16.3,2
2023-12-05,2023,5,12,2,86017896.0,0,1.0,29.5,33.9,77.5,16.0,2
2023-12-06,2023,6,12,3,86377137.0,0,1.0,28.8,34.2,84.6,14.8,2
2023-12-07,2023,7,12,4,85974584.0,0,1.0,28.5,32.3,82.9,12.2,2
2023-12-08,2023,8,12,5,83943395.0,0,1.0,27.8,31.4,87.9,9.4,2
2023-12-09,2023,9,12,6,80593243.0,0,0.5,28.4,32.4,82.6,12.2,2
2023-12-10,2023,10,12,0,70980406.0,0,0.0,28.9,33.4,79.4,15.5,1
2023-12-11,2023,11,12,1,83362810.0,0,1.0,29.3,32.5,74.0,15.8,1
2023-12-12,2023,12,12,2,86915155.0,0,1.0,29.7,31.8,68.3,20.5,1
2023-12-13,2023,13,12,3,87495583.0,0,1.0,29.4,32.3,71.5,15.4,1
2023-12-14,2023,14,12,4,89975140.0,0,1.0,30.6,34.3,67.4,23.4,1
2023-12-15,2023,15,12,5,89315382.0,0,1.0,29.7,32.6,71.1,14.0,2
2023-12-16,2023,16,12,6,85225403.0,0,0.5,29.2,32.6,74.2,15.8,2
2023-12-17,2023,17,12,0,75132750.0,0,0.0,29.3,32.5,75.2,15.4,2
2023-12-18,2023,18,12,1,85716469.0,0,1.0,28.9,31.5,72.8,11.9,2
2023-12-19,2023,19,12,2,87629051.0,0,1.0,29.3,31.7,68.7,13.3,2
2023-12-20,2023,20,12,3,85575563.0,0,1.0,28.9,30.5,60.8,16.6,2
2023-12-21,2023,21,12,4,84129846.0,0,1.0,29.0,29.9,56.2,18.2,1
2023-12-22,2023,22,12,5,82160915.0,0,1.0,28.1,29.2,60.7,26.3,2
2023-12-23,2023,23,12,6,76914607.0,0,0.5,27.6,28.6,61.1,15.5,2
2023-12-24,2023,24,12,0,64959446.0,0,0.0,26.9,28.1,67.9,11.4,2
2023-12-25,2023,25,12,1,77002717.0,0,1.0,28.0,29.0,61.2,15.8,1
2023-12-26,2023,26,12,2,80757083.0,0,1.0,27.9,29.3,63.5,12.1,1
2023-12-27,2023,27,12,3,82927709.0,0,1.0,28.1,30.4,75.3,11.9,2
2023-12-28,2023,28,12,4,83582362.0,0,1.0,28.3,31.6,80.8,10.4,2
2023-12-29,2023,29,12,5,83713707.0,0,1.0,29.3,33.1,77.6,16.6,2
2023-12-30,2023,30,12,6,78066372.0,0,0.5,29.5,33.0,72.7,12.2,2
2023-12-31,2023,31,12,0,66141192.0,0,0.0,28.7,32.5,82.3,25.9,2
2024-01-01,2024,1,1,1,60976121.0,1,0.0,28.1,31.0,81.4,16.6,2
2024-01-02,2024,2,1,2,79621375.0,0,1.0,28.6,32.4,81.5,14.8,2
2024-01-03,2024,3,1,3,84110074.0,0,1.0,28.6,32.0,80.0,18.4,2
2024-01-04,2024,4,1,4,83598449.0,0,1.0,28.1,30.6,75.4,14.8,2
2024-01-05,2024,5,1,5,82650719.0,0,1.0,27.7,30.5,80.5,9.4,2
2024-01-06,2024,6,1,6,80909868.0,0,0.5,28.6,31.6,75.8,14.8,2
2024-01-07,2024,7,1,0,72448443.0,0,0.0,28.8,32.3,78.1,16.6,2
2024-01-08,2024,8,1,1,82877256.0,0,1.0,28.6,31.6,75.3,16.0,2
2024-01-09,2024,9,1,2,85182437.0,0,1.0,28.8,31.9,76.6,16.6,2
2024-01-10,2024,10,1,3,84987486.0,0,1.0,29.3,31.9,67.8,14.8,2
2024-01-11,2024,11,1,4,84638012.0,0,1.0,28.5,30.8,72.5,16.6,2
2024-01-12,2024,12,1,5,82151490.0,0,1.0,27.5,29.1,73.1,14.1,1
2024-01-13,2024,13,1,6,77211125.0,0,0.5,27.1,28.4,72.7,14.8,1
2024-01-14,2024,14,1,0,67163019.0,0,0.0,27.3,28.4,71.1,13.0,1
2024-01-15,2024,15,1,1,78489811.0,0,1.0,27.7,28.9,68.1,14.8,1
2024-01-16,2024,16,1,2,82937291.0,0,1.0,28.2,30.1,70.7,18.4,2
2024-01-17,2024,17,1,3,83897380.0,0,1.0,28.9,30.4,66.0,13.0,1
2024-01-18,2024,18,1,4,85475848.0,0,1.0,29.0,31.4,71.6,18.4,1
2024-01-19,2024,19,1,5,84050338.0,0,1.0,28.6,30.4,68.7,16.6,1
2024-01-20,2024,20,1,6,78664142.0,0,0.5,27.8,29.5,70.2,16.6,1
2024-01-21,2024,21,1,0,68915124.0,0,0.0,28.0,29.8,70.5,14.8,1
2024-01-22,2024,22,1,1,81024841.0,0,1.0,29.2,30.1,57.2,16.6,1
2024-01-23,2024,23,1,2,84208265.0,0,1.0,28.7,30.3,64.2,16.4,1
2024-01-24,2024,24,1,3,84906386.0,0,1.0,28.7,30.1,68.7,17.7,1
2024-01-25,2024,25,1,4,85237891.0,0,1.0,29.0,30.5,60.1,13.0,1
2024-01-26,2024,26,1,5,83692522.0,0,1.0,28.8,30.0,59.9,16.6,1
2024-01-27,2024,27,1,6,79588899.0,0,0.5,28.5,29.4,59.7,20.2,1
2024-01-28,2024,28,1,0,68993125.0,0,0.0,28.9,29.1,50.5,16.6,1
2024-01-29,2024,29,1,1,80480886.0,0,1.0,29.0,29.5,51.6,16.0,1
2024-01-30,2024,30,1,2,82503031.0,0,1.0,29.1,30.0,54.5,24.8,1
2024-01-31,2024,31,1,3,82309523.0,0,1.0,29.0,30.2,58.9,18.4,1
2024-02-01,2024,1,2,4,81201760.0,0,1.0,28.8,30.4,63.5,19.6,1
2024-02-02,2024,2,2,5,79037558.0,0,1.0,28.1,29.9,73.8,17.7,1
2024-02-03,2024,3,2,6,73542929.0,0,0.5,28.6,30.3,70.9,19.6,1
2024-02-04,2024,4,2,0,65705095.0,0,0.0,28.9,31.1,73.0,20.9,1
2024-02-05,2024,5,2,1,69261862.0,0,1.0,28.4,32.1,79.3,20.5,1
2024-02-06,2024,6,2,2,64882957.0,0,1.0,29.0,31.4,73.0,22.3,1
2024-02-07,2024,7,2,3,57823381.0,0,1.0,28.6,32.2,76.8,17.0,1
2024-02-08,2024,8,2,4,49451858.0,1,0.0,28.1,30.7,77.5,14.8,1
2024-02-09,2024,9,2,5,48178912.0,1,0.0,29.3,31.3,69.0,20.5,1
2024-02-10,2024,10,2,6,44497423.0,1,0.0,29.2,30.9,66.7,20.5,1
2024-02-11,2024,11,2,0,42902146.0,1,0.0,29.1,29.7,52.8,14.8,1
2024-02-12,2024,12,2,1,42271590.0,1,0.0,28.3,28.7,52.9,14.8,1
2024-02-13,2024,13,2,2,45300510.0,1,0.0,29.5,30.8,57.7,18.4,1
2024-02-14,2024,14,2,3,50685625.0,1,0.0,30.5,32.3,53.8,20.5,1
2024-02-15,2024,15,2,4,61652461.0,0,1.0,30.7,32.3,52.3,19.6,1
2024-02-16,2024,16,2,5,64853407.0,0,1.0,30.1,31.1,53.2,19.6,1
2024-02-17,2024,17,2,6,64838356.0,0,0.5,29.5,30.1,51.1,18.4,0
2024-02-18,2024,18,2,0,65344718.0,0,0.0,29.2,31.4,66.3,20.5,1
2024-02-19,2024,19,2,1,79463647.0,0,1.0,29.1,32.1,74.1,20.5,1
2024-02-20,2024,20,2,2,81936994.0,0,1.0,28.9,31.9,75.0,17.7,1
2024-02-21,2024,21,2,3,82397641.0,0,1.0,28.7,32.0,78.9,19.6,1
2024-02-22,2024,22,2,4,83645135.0,0,1.0,29.3,32.0,70.7,20.5,1
2024-02-23,2024,23,2,5,84961244.0,0,1.0,29.4,33.0,73.1,22.9,1
2024-02-24,2024,24,2,6,82476971.0,0,0.5,30.1,33.3,65.8,24.1,2
2024-02-25,2024,25,2,0,73019789.0,0,0.0,29.8,31.2,55.8,20.9,1
2024-02-26,2024,26,2,1,85325224.0,0,1.0,30.4,31.6,53.8,20.5,1
2024-02-27,2024,27,2,2,89416156.0,0,1.0,30.1,33.0,61.5,24.1,2
2024-02-28,2024,28,2,3,88101753.0,0,1.0,30.0,31.7,57.0,20.5,1
2024-02-29,2024,29,2,4,87866396.0,0,1.0,30.1,31.5,54.8,22.3,1
2024-03-01,2024,1,3,5,87293808.0,0,1.0,29.9,31.7,55.5,20.5,1
2024-03-02,2024,2,3,6,84723849.0,0,0.5,29.9,32.1,60.5,20.3,1
2024-03-03,2024,3,3,0,74455489.0,0,0.0,29.4,31.5,62.0,22.9,1
2024-03-04,2024,4,3,1,85718166.0,0,1.0,29.3,31.7,66.1,24.1,1
2024-03-05,2024,5,3,2,87811162.0,0,1.0,29.0,33.7,79.7,18.4,1
2024-03-06,2024,6,3,3,88694117.0,0,1.0,29.2,34.4,80.7,18.4,2
2024-03-07,2024,7,3,4,87871362.0,0,1.0,29.5,34.9,78.5,22.3,2
2024-03-08,2024,8,3,5,87563500.0,0,1.0,30.3,32.2,59.1,25.9,1
2024-03-09,2024,9,3,6,85448300.0,0,0.5,30.0,31.3,58.1,19.9,1
2024-03-10,2024,10,3,0,74748164.0,0,0.0,30.1,31.6,54.3,25.9,1
2024-03-11,2024,11,3,1,87209948.0,0,1.0,30.6,31.9,52.2,18.9,1
2024-03-12,2024,12,3,2,91648522.0,0,1.0,30.8,33.1,56.1,17.3,1
2024-03-13,2024,13,3,3,90676070.0,0,1.0,30.1,32.6,59.5,19.9,2
2024-03-14,2024,14,3,4,90022035.0,0,1.0,29.8,33.1,67.2,24.5,1
2024-03-15,2024,15,3,5,87862566.0,0,1.0,29.4,31.7,66.6,22.3,1
2024-03-16,2024,16,3,6,85357059.0,0,0.5,30.0,32.1,63.9,17.7,1
2024-03-17,2024,17,3,0,76092938.0,0,0.0,30.3,32.8,60.2,19.9,1
2024-03-18,2024,18,3,1,87424201.0,0,1.0,29.9,32.3,61.5,20.5,1
2024-03-19,2024,19,3,2,88395443.0,0,1.0,29.9,31.3,57.6,22.3,1
2024-03-20,2024,20,3,3,88814079.0,0,1.0,29.9,31.2,59.0,16.7,1
2024-03-21,2024,21,3,4,90183770.0,0,1.0,29.9,32.2,61.9,24.1,1
2024-03-22,2024,22,3,5,89306615.0,0,1.0,30.0,32.3,60.0,25.9,1
2024-03-23,2024,23,3,6,86094660.0,0,0.5,29.6,33.3,70.9,22.3,1
2024-03-24,2024,24,3,0,77317938.0,0,0.0,29.9,34.3,72.9,24.1,1
2024-03-25,2024,25,3,1,89652986.0,0,1.0,30.0,35.0,74.7,20.5,1
2024-03-26,2024,26,3,2,93191841.0,0,1.0,31.2,34.9,61.9,22.9,1
2024-03-27,2024,27,3,3,94518848.0,0,1.0,31.3,34.6,58.3,20.3,1
2024-03-28,2024,28,3,4,93541436.0,0,1.0,30.3,35.4,72.6,18.4,2
2024-03-29,2024,29,3,5,93642553.0,0,1.0,30.2,35.7,75.1,18.4,1
2024-03-30,2024,30,3,6,91077394.0,0,0.5,31.0,36.7,71.5,22.3,2
2024-03-31,2024,31,3,0,81288535.1,0,0.0,31.0,37.0,72.5,16.6,2
2024-04-01,2024,1,4,1,95020807.0,0,1.0,31.0,38.3,76.8,18.4,2
2024-04-02,2024,2,4,2,95777137.0,0,1.0,30.9,37.7,74.1,18.4,2
2024-04-03,2024,3,4,3,95121780.0,0,1.0,31.0,36.5,70.6,18.4,1
2024-04-04,2024,4,4,4,95173228.0,0,1.0,31.1,37.6,72.3,18.4,2
2024-04-05,2024,5,4,5,96891861.0,0,1.0,30.8,37.7,73.7,20.5,2
2024-04-06,2024,6,4,6,91837223.0,0,0.5,30.6,35.0,66.0,24.8,1
2024-04-07,2024,7,4,0,83545448.0,0,0.0,30.8,36.9,73.6,23.8,1
2024-04-08,2024,8,4,1,94159888.0,0,1.0,31.0,36.9,71.2,22.3,2
2024-04-09,2024,9,4,2,97875495.0,0,1.0,31.6,36.7,65.7,24.1,1
2024-04-10,2024,10,4,3,96928306.0,0,1.0,31.8,35.2,57.0,24.1,1
2024-04-11,2024,11,4,4,97069426.0,0,1.0,32.0,34.6,51.7,21.6,1
2024-04-12,2024,12,4,5,96310778.0,0,1.0,32.0,35.3,55.2,20.5,1
2024-04-13,2024,13,4,6,93426789.0,0,0.5,31.1,36.8,67.6,22.3,2
2024-04-14,2024,14,4,0,80949509.0,0,0.0,30.7,35.9,69.4,20.5,1
2024-04-15,2024,15,4,1,94164528.0,0,1.0,31.1,37.4,71.6,22.3,1
2024-04-16,2024,16,4,2,97027862.0,0,1.0,31.7,37.6,68.2,22.3,1
2024-04-17,2024,17,4,3,97052662.0,0,1.0,31.4,36.5,65.2,20.5,2
2024-04-18,2024,18,4,4,85681455.0,1,0.0,31.3,36.2,66.1,18.4,2
2024-04-19,2024,19,4,5,95962316.0,0,1.0,31.3,37.3,69.9,20.5,2
2024-04-20,2024,20,4,6,94706893.0,0,0.5,31.1,36.1,66.7,19.6,1
2024-04-21,2024,21,4,0,83719152.0,0,0.0,31.7,36.4,62.5,14.8,1
2024-04-22,2024,22,4,1,96894530.4,0,1.0,31.4,37.2,66.8,18.4,1
2024-04-23,2024,23,4,2,97554466.0,0,1.0,31.8,37.1,64.9,16.6,1
2024-04-24,2024,24,4,3,101472304.0,0,1.0,31.9,38.5,67.8,20.5,2
2024-04-25,2024,25,4,4,103992421.0,0,1.0,32.5,41.2,71.5,24.1,2
2024-04-26,2024,26,4,5,103465532.0,0,1.0,32.6,40.5,68.7,23.2,2
2024-04-27,2024,27,4,6,98121139.0,0,0.5,32.6,41.0,69.4,22.3,1
2024-04-28,2024,28,4,0,84818849.0,0,0.0,33.0,40.5,65.6,20.5,2
2024-04-29,2024,29,4,1,83683378.0,1,0.0,33.0,40.7,66.9,18.4,1
2024-04-30,2024,30,4,2,75289587.0,1,0.0,32.5,41.1,71.0,18.4,1
2024-05-01,2024,1,5,3,79273672.0,1,0.0,32.9,41.2,68.2,20.5,2
2024-05-02,2024,2,5,4,99836115.0,0,1.0,32.9,40.9,67.5,22.3,2
2024-05-03,2024,3,5,5,104513623.0,0,1.0,32.8,41.4,68.4,18.4,2
2024-05-04,2024,4,5,6,101023132.0,0,0.5,32.0,39.2,69.4,18.4,2
2024-05-05,2024,5,5,0,84466126.0,0,0.0,29.9,36.6,80.1,27.8,2
2024-05-06,2024,6,5,1,97475968.0,0,1.0,31.4,37.9,71.5,24.1,2
2024-05-07,2024,7,5,2,99152742.0,0,1.0,30.9,37.1,74.4,24.8,2
2024-05-08,2024,8,5,3,98962758.0,0,1.0,31.1,37.4,73.9,21.6,2
2024-05-09,2024,9,5,4,100026237.0,0,1.0,31.7,39.0,70.6,22.3,2
2024-05-10,2024,10,5,5,100923024.0,0,1.0,32.1,38.9,69.0,21.2,2
2024-05-11,2024,11,5,6,99334899.0,0,0.5,32.3,39.5,67.5,18.4,2
2024-05-12,2024,12,5,0,91341788.0,0,0.0,32.4,41.1,70.9,18.4,2
2024-05-13,2024,13,5,1,102438781.2,0,1.0,32.3,40.1,68.7,21.2,2
2024-05-14,2024,14,5,2,102236548.0,0,1.0,31.3,38.3,72.9,21.6,2
2024-05-15,2024,15,5,3,99901301.0,0,1.0,30.8,36.4,74.5,23.5,2
2024-05-16,2024,16,5,4,94364608.0,0,1.0,29.2,35.4,87.3,40.7,2
2024-05-17,2024,17,5,5,94832018.0,0,1.0,30.7,39.6,81.0,19.3,2
2024-05-18,2024,18,5,6,94675836.4,0,0.5,31.0,39.7,79.4,13.0,2
2024-05-19,2024,19,5,0,85682026.0,0,0.0,31.1,39.9,80.2,16.6,2
2024-05-20,2024,20,5,1,95965654.0,0,1.0,30.4,38.5,83.2,24.1,2
2024-05-21,2024,21,5,2,90254649.0,0,1.0,28.7,32.9,86.6,25.9,2
2024-05-22,2024,22,5,3,92725129.3,0,1.0,29.9,38.1,85.4,22.5,2
2024-05-23,2024,23,5,4,91649801.0,0,1.0,29.3,37.4,88.4,14.8,2
2024-05-24,2024,24,5,5,93861647.0,0,1.0,31.1,39.2,78.3,13.0,2
2024-05-25,2024,25,5,6,96063711.0,0,0.5,32.4,42.0,73.1,18.4,2
2024-05-26,2024,26,5,0,83718141.0,0,0.0,30.5,38.5,79.8,29.5,2
2024-05-27,2024,27,5,1,97398599.0,0,1.0,31.7,41.2,78.0,22.3,2
2024-05-28,2024,28,5,2,95868437.0,0,1.0,29.9,39.8,89.2,17.0,2
2024-05-29,2024,29,5,3,95201105.0,0,1.0,30.7,39.1,80.7,16.6,2
2024-05-30,2024,30,5,4,94114949.0,0,1.0,29.5,37.0,86.4,24.1,2
2024-05-31,2024,31,5,5,87878148.8,0,1.0,28.4,33.1,88.8,35.3,2
2024-06-01,2024,1,6,6,84032989.0,0,0.5,29.7,35.2,81.4,14.8,2
2024-06-02,2024,2,6,0,78048469.0,0,0.0,30.2,37.2,80.4,16.6,2
2024-06-03,2024,3,6,1,95913190.0,0,1.0,31.6,38.7,72.1,18.4,1
2024-06-04,2024,4,6,2,101334540.0,0,1.0,32.3,40.5,71.6,18.4,2
2024-06-05,2024,5,6,3,102529670.0,0,1.0,30.9,39.9,80.2,24.1,2
2024-06-06,2024,6,6,4,100195317.0,0,1.0,31.4,40.3,77.8,15.3,2
2024-06-07,2024,7,6,5,92259587.0,0,1.0,28.4,34.7,90.7,20.5,2
2024-06-08,2024,8,6,6,85933448.0,0,0.5,29.3,35.1,84.0,24.1,2
2024-06-09,2024,9,6,0,74536681.0,0,0.0,29.4,36.6,83.5,27.7,2
2024-06-10,2024,10,6,1,86792205.0,0,1.0,29.6,34.7,73.9,33.5,2
2024-06-11,2024,11,6,2,93348785.0,0,1.0,30.8,36.9,72.0,18.4,2
2024-06-12,2024,12,6,3,95861265.0,0,1.0,30.7,36.9,74.8,20.5,2
2024-06-13,2024,13,6,4,98021245.0,0,1.0,31.4,38.3,71.9,18.4,2
2024-06-14,2024,14,6,5,96404667.0,0,1.0,30.1,37.5,83.7,27.4,2
2024-06-15,2024,15,6,6,89159736.0,0,0.5,30.6,38.8,81.7,31.7,2
2024-06-16,2024,16,6,0,74586756.0,0,0.0,29.1,33.1,78.0,16.6,2
2024-06-17,2024,17,6,1,90313942.0,0,1.0,29.9,36.1,80.4,18.4,2
2024-06-18,2024,18,6,2,93861155.0,0,1.0,30.4,36.9,78.3,20.5,2
2024-06-19,2024,19,6,3,95500629.0,0,1.0,30.5,36.8,74.6,25.9,2
2024-06-20,2024,20,6,4,91873633.0,0,1.0,29.5,35.2,78.5,22.9,2
2024-06-21,2024,21,6,5,84396427.0,0,1.0,26.8,28.9,87.1,24.1,2
2024-06-22,2024,22,6,6,78809386.0,0,0.5,28.0,31.5,81.9,33.5,2
2024-06-23,2024,23,6,0,68581528.0,0,0.0,27.6,30.4,80.2,37.1,2
2024-06-24,2024,24,6,1,79740588.0,0,1.0,27.6,30.7,81.7,30.1,2
2024-06-25,2024,25,6,2,84661026.0,0,1.0,28.5,32.1,77.0,24.8,2
2024-06-26,2024,26,6,3,86938918.0,0,1.0,28.7,32.4,76.2,18.4,2
2024-06-27,2024,27,6,4,85477314.0,0,1.0,28.0,31.7,82.7,25.2,2
2024-06-28,2024,28,6,5,84958596.0,0,1.0,29.0,33.1,78.2,22.3,2
2024-06-29,2024,29,6,6,84549372.0,0,0.5,29.9,36.0,76.8,22.3,2
2024-06-30,2024,30,6,0,76238713.0,0,0.0,30.3,35.5,70.1,22.2,2
2024-07-01,2024,1,7,1,89884847.0,0,1.0,29.8,35.2,74.2,29.3,2
2024-07-02,2024,2,7,2,94236108.0,0,1.0,29.4,34.4,78.5,18.9,2
2024-07-03,2024,3,7,3,88371340.0,0,1.0,27.9,30.9,83.1,14.7,2
2024-07-04,2024,4,7,4,84956506.0,0,1.0,27.3,29.7,85.3,16.6,2
2024-07-05,2024,5,7,5,84626849.0,0,1.0,28.9,32.3,76.7,18.5,2
2024-07-06,2024,6,7,6,85198188.0,0,0.5,30.1,35.1,74.5,17.3,2
2024-07-07,2024,7,7,0,76229861.0,0,0.0,29.6,35.3,76.5,19.8,2
2024-07-08,2024,8,7,1,89784018.0,0,1.0,29.0,33.2,77.9,23.4,2
2024-07-09,2024,9,7,2,89494756.0,0,1.0,29.5,34.3,77.3,16.6,2
2024-07-10,2024,10,7,3,86445725.0,0,1.0,28.0,31.3,81.0,21.6,2
2024-07-11,2024,11,7,4,84928720.0,0,1.0,27.4,29.8,84.2,34.0,2
2024-07-12,2024,12,7,5,83338482.0,0,1.0,28.0,30.9,79.2,29.3,2
2024-07-13,2024,13,7,6,78711145.0,0,0.5,28.0,30.9,77.5,21.8,2
2024-07-14,2024,14,7,0,67944674.0,0,0.0,26.7,28.2,84.7,32.7,2
2024-07-15,2024,15,7,1,80638577.0,0,1.0,27.7,30.2,82.3,19.8,2
2024-07-16,2024,16,7,2,80975650.0,0,1.0,26.9,29.2,86.7,24.9,2
2024-07-17,2024,17,7,3,78859165.0,0,1.0,26.4,27.9,86.5,33.6,2
2024-07-18,2024,18,7,4,79929816.0,0,1.0,27.3,29.4,85.8,29.3,2
2024-07-19,2024,19,7,5,79736433.0,0,1.0,27.4,30.3,84.4,25.2,2
2024-07-20,2024,20,7,6,75120095.0,0,0.5,27.1,29.9,89.5,24.1,2
2024-07-21,2024,21,7,0,67816803.0,0,0.0,28.2,32.1,82.8,25.9,2
2024-07-22,2024,22,7,1,80161238.0,0,1.0,27.9,32.1,84.0,31.1,2
2024-07-23,2024,23,7,2,85583970.0,0,1.0,29.4,34.8,78.2,30.8,2
2024-07-24,2024,24,7,3,88641230.0,0,1.0,29.6,35.1,76.7,32.2,2
2024-07-25,2024,25,7,4,85193903.0,0,1.0,28.0,31.9,82.6,31.7,2
2024-07-26,2024,26,7,5,83112093.0,0,1.0,28.0,31.5,80.9,27.0,2
2024-07-27,2024,27,7,6,78512023.0,0,0.5,27.5,30.6,83.4,22.5,2
2024-07-28,2024,28,7,0,68506915.0,0,0.0,28.3,32.3,80.0,21.6,2
2024-07-29,2024,29,7,1,84416034.0,0,1.0,29.2,33.5,76.8,22.3,2
2024-07-30,2024,30,7,2,88867439.0,0,1.0,29.6,34.7,75.2,25.9,2
2024-07-31,2024,31,7,3,89915418.0,0,1.0,29.6,34.2,75.8,23.1,2
2024-08-01,2024,1,8,4,89985910.0,0,1.0,29.7,35.2,78.0,20.7,2
2024-08-02,2024,2,8,5,89980113.0,0,1.0,29.7,34.6,77.2,17.1,2
2024-08-03,2024,3,8,6,82578154.0,0,0.5,28.3,33.2,84.6,22.2,2
2024-08-04,2024,4,8,0,68653301.0,0,0.0,27.3,30.4,86.9,26.6,2
2024-08-05,2024,5,8,1,86512609.0,0,1.0,28.9,32.9,78.7,23.9,2
2024-08-06,2024,6,8,2,87801178.0,0,1.0,28.8,33.0,81.8,27.3,2
2024-08-07,2024,7,8,3,89744033.0,0,1.0,29.7,35.3,77.1,23.8,2
2024-08-08,2024,8,8,4,93789686.0,0,1.0,30.2,36.2,75.2,19.6,2
2024-08-09,2024,9,8,5,92276700.0,0,1.0,29.9,36.3,79.1,19.6,2
2024-08-10,2024,10,8,6,88368477.0,0,0.5,30.5,37.3,76.0,18.4,2
2024-08-11,2024,11,8,0,80747434.0,0,0.0,30.6,37.0,73.9,25.3,2
2024-08-12,2024,12,8,1,90199595.0,0,1.0,29.1,33.8,78.8,28.6,2
2024-08-13,2024,13,8,2,91769197.0,0,1.0,29.9,35.3,74.4,17.3,2
2024-08-14,2024,14,8,3,94282916.0,0,1.0,30.2,35.9,75.0,19.3,2
2024-08-15,2024,15,8,4,94751596.0,0,1.0,30.1,36.5,76.7,25.5,2
2024-08-16,2024,16,8,5,94446618.0,0,1.0,30.1,36.0,75.2,28.1,2
2024-08-17,2024,17,8,6,88246100.0,0,0.5,29.4,34.2,76.6,16.0,2
2024-08-18,2024,18,8,0,79412150.0,0,0.0,30.9,36.2,69.5,17.3,1
2024-08-19,2024,19,8,1,94221459.0,0,1.0,30.3,36.4,73.7,18.8,2
2024-08-20,2024,20,8,2,94794938.0,0,1.0,29.5,34.0,74.3,25.5,2
2024-08-21,2024,21,8,3,94313224.0,0,1.0,29.8,34.6,74.6,16.8,2
2024-08-22,2024,22,8,4,95366600.0,0,1.0,30.1,34.4,72.3,17.3,2
2024-08-23,2024,23,8,5,92156776.0,0,1.0,28.7,33.4,79.4,16.3,2
2024-08-24,2024,24,8,6,86477163.0,0,0.5,28.9,32.9,79.6,16.9,2
2024-08-25,2024,25,8,0,72933243.0,0,0.0,27.5,30.1,85.4,16.3,2
2024-08-26,2024,26,8,1,84474105.0,0,1.0,28.1,31.6,81.9,26.1,2
2024-08-27,2024,27,8,2,87434576.0,0,1.0,27.8,30.9,86.0,27.7,2
2024-08-28,2024,28,8,3,85342956.0,0,1.0,27.6,30.7,86.3,32.4,2
2024-08-29,2024,29,8,4,85172434.0,0,1.0,28.2,31.7,79.8,26.3,2
2024-08-30,2024,30,8,5,86190391.0,0,1.0,28.6,31.9,78.8,29.3,2
2024-08-31,2024,31,8,6,73867121.0,1,0.0,26.9,29.1,86.8,20.6,2
2024-09-01,2024,1,9,0,59101301.0,1,0.0,26.6,28.9,90.3,32.0,2
2024-09-02,2024,2,9,1,52664654.0,1,0.0,26.8,29.1,87.7,16.2,2
2024-09-03,2024,3,9,2,63269704.0,1,0.0,28.0,31.4,81.9,25.6,2
2024-09-04,2024,4,9,3,77070123.0,0,1.0,26.5,28.1,89.7,24.5,2
2024-09-05,2024,5,9,4,82712920.0,0,1.0,28.5,32.3,82.6,25.9,2
2024-09-06,2024,6,9,5,84082490.0,0,1.0,28.2,32.2,83.6,34.9,2
2024-09-07,2024,7,9,6,83121817.0,0,0.5,28.9,34.5,83.0,28.1,2
2024-09-08,2024,8,9,0,74059411.0,0,0.0,28.8,34.3,83.2,23.8,2
2024-09-09,2024,9,9,1,89868475.0,0,1.0,29.8,35.8,78.3,20.7,2
2024-09-10,2024,10,9,2,92451776.0,0,1.0,29.2,35.0,81.8,17.8,2
2024-09-11,2024,11,9,3,88072859.0,0,1.0,27.7,30.5,84.8,27.1,2
2024-09-12,2024,12,9,4,88192366.0,0,1.0,28.3,31.6,82.1,19.2,2
2024-09-13,2024,13,9,5,86427864.9,0,1.0,27.8,31.0,85.4,26.3,2
2024-09-14,2024,14,9,6,80564488.0,0,0.5,28.0,31.5,83.6,22.3,2
2024-09-15,2024,15,9,0,70814789.0,0,0.0,27.4,30.2,86.5,24.5,2
2024-09-16,2024,16,9,1,82959359.0,0,1.0,27.8,30.5,83.5,24.5,2
2024-09-17,2024,17,9,2,82330691.0,0,1.0,26.7,28.1,90.2,19.6,2
2024-09-18,2024,18,9,3,80518277.0,0,1.0,25.6,26.0,93.8,16.9,2
2024-09-19,2024,19,9,4,82395489.0,0,1.0,28.1,31.8,84.0,30.4,2
2024-09-20,2024,20,9,5,81378604.0,0,1.0,26.9,29.5,89.0,23.1,2
2024-09-21,2024,21,9,6,74377004.0,0,0.5,26.1,26.8,91.6,24.5,2
2024-09-22,2024,22,9,0,63800651.0,0,0.0,26.4,28.3,90.3,14.0,2
2024-09-23,2024,23,9,1,77930001.0,0,1.0,27.8,31.0,83.5,18.5,2
2024-09-24,2024,24,9,2,83044610.0,0,1.0,28.3,32.3,83.7,9.4,2
2024-09-25,2024,25,9,3,84568057.0,0,1.0,28.4,33.0,82.6,26.6,2
2024-09-26,2024,26,9,4,85020005.0,0,1.0,28.4,32.6,82.6,22.7,2
2024-09-27,2024,27,9,5,85927332.0,0,1.0,28.7,33.2,79.5,17.1,2
2024-09-28,2024,28,9,6,85739446.0,0,0.5,29.8,35.4,76.1,14.1,2
2024-09-29,2024,29,9,0,80084070.0,0,0.0,30.5,36.7,74.4,15.8,2
2024-09-30,2024,30,9,1,93003747.0,0,1.0,30.3,36.8,76.4,18.9,2
2024-10-01,2024,1,10,2,93457651.0,0,1.0,29.4,34.8,79.9,20.6,2
2024-10-02,2024,2,10,3,92947571.0,0,1.0,29.8,36.3,79.3,20.0,2
2024-10-03,2024,3,10,4,86995935.0,0,1.0,27.4,30.5,87.5,16.5,2
2024-10-04,2024,4,10,5,84998834.0,0,1.0,27.8,29.9,83.4,21.1,2
2024-10-05,2024,5,10,6,82192620.0,0,0.5,28.0,31.4,82.3,14.4,2
2024-10-06,2024,6,10,0,72546670.0,0,0.0,27.8,30.7,84.7,17.6,2
2024-10-07,2024,7,10,1,84271124.0,0,1.0,28.5,32.2,81.6,22.1,2
2024-10-08,2024,8,10,2,83922932.0,0,1.0,27.0,29.5,87.7,20.5,2
2024-10-09,2024,9,10,3,84220673.0,0,1.0,27.4,30.2,85.1,17.5,2
2024-10-10,2024,10,10,4,85067102.0,0,1.0,27.4,29.6,86.4,20.6,2
2024-10-11,2024,11,10,5,85670881.0,0,1.0,28.7,33.1,82.2,17.6,2
2024-10-12,2024,12,10,6,83602082.0,0,0.5,28.5,32.9,83.7,20.3,2
2024-10-13,2024,13,10,0,72759340.0,0,0.0,27.7,30.0,83.0,26.4,2
2024-10-14,2024,14,10,1,83367544.0,0,1.0,28.1,31.7,81.4,19.0,2
2024-10-15,2024,15,10,2,85927992.0,0,1.0,28.0,32.3,84.3,14.0,2
2024-10-16,2024,16,10,3,83614073.0,0,1.0,27.1,29.5,84.7,18.5,2
2024-10-17,2024,17,10,4,83240878.0,0,1.0,27.0,28.7,86.2,24.9,2
2024-10-18,2024,18,10,5,82517139.5,0,1.0,26.9,28.5,87.4,16.2,2
2024-10-19,2024,19,10,6,80870006.0,0,0.5,28.0,31.0,81.8,16.6,2
2024-10-20,2024,20,10,0,71501422.0,0,0.0,27.8,30.6,82.0,26.3,2
2024-10-21,2024,21,10,1,81154467.0,0,1.0,27.3,29.8,85.0,16.3,2
2024-10-22,2024,22,10,2,84498686.0,0,1.0,27.6,30.7,86.2,21.6,2
2024-10-23,2024,23,10,3,85653862.0,0,1.0,28.0,31.2,82.8,15.1,2
2024-10-24,2024,24,10,4,90047230.0,0,1.0,29.5,33.6,75.2,12.2,2
2024-10-25,2024,25,10,5,91547171.0,0,1.0,29.2,33.5,75.9,17.3,2
2024-10-26,2024,26,10,6,88278093.0,0,0.5,29.3,33.8,74.7,20.7,1
2024-10-27,2024,27,10,0,71612247.0,0,0.0,26.1,28.0,90.0,19.4,2
2024-10-28,2024,28,10,1,75815837.0,0,1.0,25.2,25.2,91.4,16.5,2
2024-10-29,2024,29,10,2,79936321.0,0,1.0,27.2,29.6,83.8,18.9,2
2024-10-30,2024,30,10,3,85592830.0,0,1.0,29.0,33.4,80.1,19.6,2
2024-10-31,2024,31,10,4,88396542.0,0,1.0,28.4,32.6,81.3,17.1,2
2024-11-01,2024,1,11,5,88444637.0,0,1.0,29.3,33.8,78.6,15.5,2
2024-11-02,2024,2,11,6,84407516.0,0,0.5,28.7,31.8,76.1,20.6,2
2024-11-03,2024,3,11,0,72377007.0,0,0.0,27.1,28.8,84.6,16.8,2
2024-11-04,2024,4,11,1,84148620.0,0,1.0,28.1,31.5,81.0,17.1,2
2024-11-05,2024,5,11,2,85887091.0,0,1.0,27.5,29.7,83.7,13.3,2
2024-11-06,2024,6,11,3,85535098.0,0,1.0,27.5,30.4,83.8,16.8,2
2024-11-07,2024,7,11,4,85643590.0,0,1.0,28.3,31.2,75.9,11.2,2
2024-11-08,2024,8,11,5,84681881.0,0,1.0,27.4,29.3,80.1,9.7,2
2024-11-09,2024,9,11,6,80784007.0,0,0.5,27.6,29.2,76.3,16.8,2
2024-11-10,2024,10,11,0,72809062.0,0,0.0,28.1,31.6,81.7,14.4,2
2024-11-11,2024,11,11,1,86480260.0,0,1.0,29.0,32.8,77.7,11.9,2
2024-11-12,2024,12,11,2,90751799.0,0,1.0,29.4,34.3,77.3,13.7,2
2024-11-13,2024,13,11,3,89759327.0,0,1.0,28.5,33.5,82.5,15.1,2
2024-11-14,2024,14,11,4,89845699.0,0,1.0,29.2,33.6,75.7,17.3,2
2024-11-15,2024,15,11,5,88713053.0,0,1.0,28.8,33.4,77.6,14.8,2
2024-11-16,2024,16,11,6,86852948.0,0,0.5,29.5,33.3,69.9,18.4,2
2024-11-17,2024,17,11,0,75686975.0,0,0.0,28.9,32.2,73.2,17.8,2
2024-11-18,2024,18,11,1,88039510.0,0,1.0,29.2,32.0,72.1,16.6,1
2024-11-19,2024,19,11,2,92065954.0,0,1.0,29.6,33.7,73.6,14.8,2
2024-11-20,2024,20,11,3,90949102.0,0,1.0,28.5,31.9,77.9,11.2,2
2024-11-21,2024,21,11,4,90231112.0,0,1.0,28.9,31.6,76.7,18.4,2
2024-11-22,2024,22,11,5,89471773.5,0,1.0,28.4,31.2,77.7,22.2,2
2024-11-23,2024,23,11,6,83667590.0,0,0.5,28.3,31.0,75.3,8.8,2
2024-11-24,2024,24,11,0,76724114.0,0,0.0,29.6,33.2,72.6,15.1,2
2024-11-25,2024,25,11,1,88865290.0,0,1.0,29.2,32.6,72.6,18.8,1
2024-11-26,2024,26,11,2,89855398.0,0,1.0,28.6,31.3,72.0,14.0,1
2024-11-27,2024,27,11,3,89639790.0,0,1.0,28.9,31.0,66.9,12.2,2
2024-11-28,2024,28,11,4,87671218.0,0,1.0,28.4,29.9,63.3,20.7,2
2024-11-29,2024,29,11,5,82353117.0,0,1.0,27.1,28.1,63.6,16.9,1
2024-11-30,2024,30,11,6,77031767.0,0,0.5,26.6,27.7,69.3,11.9,2
2024-12-01,2024,1,12,0,69910434.0,0,0.0,27.6,29.6,73.4,13.0,2
2024-12-02,2024,2,12,1,85129584.0,0,1.0,28.5,32.8,79.6,11.2,2
2024-12-03,2024,3,12,2,84103710.0,0,1.0,26.7,28.7,90.4,10.8,2
2024-12-04,2024,4,12,3,82554946.0,0,1.0,26.4,27.6,86.3,12.5,2
2024-12-05,2024,5,12,4,82737289.0,0,1.0,27.6,30.2,80.5,10.4,2
2024-12-06,2024,6,12,5,86496550.0,0,1.0,28.8,32.3,78.2,13.7,2
2024-12-07,2024,7,12,6,82836927.0,0,0.5,27.8,31.4,84.3,13.1,2
2024-12-08,2024,8,12,0,71905201.0,0,0.0,28.1,30.0,70.0,20.5,2
2024-12-09,2024,9,12,1,84196917.0,0,1.0,28.4,30.5,67.8,18.4,1
2024-12-10,2024,10,12,2,86131873.0,0,1.0,27.9,30.0,70.6,20.2,1
2024-12-11,2024,11,12,3,84715545.0,0,1.0,26.9,27.9,79.7,12.0,2
2024-12-12,2024,12,12,4,84937583.0,0,1.0,27.2,29.9,85.5,17.8,2
2024-12-13,2024,13,12,5,82679096.0,0,1.0,26.7,28.3,86.9,13.1,2
2024-12-14,2024,14,12,6,76986625.0,0,0.5,26.3,27.9,88.9,17.3,2
2024-12-15,2024,15,12,0,65598217.0,0,0.0,25.6,26.1,90.4,11.8,2
2024-12-16,2024,16,12,1,76547471.0,0,1.0,26.5,27.7,76.9,11.5,2
2024-12-17,2024,17,12,2,80185268.0,0,1.0,27.0,28.7,72.2,14.0,1
2024-12-18,2024,18,12,3,82339196.0,0,1.0,27.2,29.1,76.5,13.0,2
2024-12-19,2024,19,12,4,83258851.0,0,1.0,27.7,29.0,68.2,13.4,1
2024-12-20,2024,20,12,5,82574789.0,0,1.0,26.5,27.6,70.0,13.7,1
2024-12-21,2024,21,12,6,75913830.0,0,0.5,26.0,26.7,69.2,9.0,1
2024-12-22,2024,22,12,0,62882208.9,0,0.0,24.3,24.5,70.0,14.8,1
2024-12-23,2024,23,12,1,75258643.0,0,1.0,25.8,26.8,68.8,13.3,1
2024-12-24,2024,24,12,2,79209169.0,0,1.0,27.4,28.4,64.9,21.2,1
2024-12-25,2024,25,12,3,81188854.0,0,1.0,27.9,29.2,61.1,21.6,2
2024-12-26,2024,26,12,4,85618446.0,0,1.0,28.5,31.0,70.1,17.5,2
2024-12-27,2024,27,12,5,84898277.0,0,1.0,27.1,29.4,84.3,22.2,2
2024-12-28,2024,28,12,6,80235593.0,0,0.5,27.1,28.9,83.2,13.1,2
2024-12-29,2024,29,12,0,69448069.0,0,0.0,27.3,28.5,69.0,18.9,2
2024-12-30,2024,30,12,1,78567133.0,0,1.0,26.7,28.1,70.5,13.4,1
2024-12-31,2024,31,12,2,78033303.6,0,1.0,27.7,29.4,74.2,14.0,1
2025-01-01,2025,1,1,3,62236344.0,1,0.0,27.2,28.9,71.0,11.2,1
2025-01-02,2025,2,1,4,79501687.0,0,1.0,27.5,29.8,73.9,13.7,2
2025-01-03,2025,3,1,5,84438626.0,0,1.0,28.5,30.6,67.2,18.4,2
2025-01-04,2025,4,1,6,79852412.0,0,0.5,27.6,29.3,65.9,13.0,2
2025-01-05,2025,5,1,0,70682606.0,0,0.0,27.4,28.7,67.4,14.8,1
2025-01-06,2025,6,1,1,81218289.0,0,1.0,27.0,28.0,72.5,13.0,2
2025-01-07,2025,7,1,2,82756613.0,0,1.0,26.8,28.3,73.6,16.6,1
2025-01-08,2025,8,1,3,82533831.0,0,1.0,26.9,28.2,75.8,16.6,1
2025-01-09,2025,9,1,4,81929225.0,0,1.0,26.8,27.6,69.4,14.8,1
2025-01-10,2025,10,1,5,83087616.0,0,1.0,27.9,29.2,66.5,14.8,1
2025-01-11,2025,11,1,6,76440333.0,0,0.5,26.6,27.0,56.0,21.2,1
2025-01-12,2025,12,1,0,65494724.0,0,0.0,26.0,26.2,55.6,18.4,1
2025-01-13,2025,13,1,1,74628216.3,0,1.0,24.7,24.9,59.9,16.6,1
2025-01-14,2025,14,1,2,78974859.0,0,1.0,25.4,26.2,78.0,18.9,2
2025-01-15,2025,15,1,3,82653983.0,0,1.0,27.9,30.4,78.1,18.4,2
2025-01-16,2025,16,1,4,83682283.0,0,1.0,28.3,29.7,64.3,21.2,2
2025-01-17,2025,17,1,5,80123321.0,0,1.0,26.7,27.4,61.1,16.6,1
2025-01-18,2025,18,1,6,76607088.0,0,0.5,26.8,27.8,64.7,13.0,1
2025-01-19,2025,19,1,0,69624630.0,0,0.0,27.5,29.2,76.5,16.6,1
2025-01-20,2025,20,1,1,77942145.0,0,1.0,27.1,28.2,70.3,14.8,1
2025-01-21,2025,21,1,2,76970336.0,0,1.0,26.5,27.3,71.2,18.4,1
2025-01-22,2025,22,1,3,75101751.0,0,1.0,26.8,27.6,67.5,17.7,1
2025-01-23,2025,23,1,4,73290866.0,0,1.0,27.4,29.3,72.4,11.2,1
2025-01-24,2025,24,1,5,68912500.0,0,1.0,27.8,29.3,72.7,25.9,1
2025-01-25,2025,25,1,6,58852000.0,1,0.0,28.1,30.1,70.1,14.8,1
2025-01-26,2025,26,1,0,51721500.0,1,0.0,27.7,29.4,71.6,18.4,2
2025-01-27,2025,27,1,1,46104000.0,1,0.0,26.4,27.0,63.8,14.8,1
2025-01-28,2025,28,1,2,43013500.0,1,0.0,25.7,26.4,65.9,13.7,1
2025-01-29,2025,29,1,3,36465500.0,1,0.0,24.5,24.7,64.1,14.8,1
2025-01-30,2025,30,1,4,35448500.0,1,0.0,24.7,24.8,64.7,18.4,1
2025-01-31,2025,31,1,5,37382000.0,1,0.0,26.5,26.9,64.8,13.0,1
2025-02-01,2025,1,2,6,41181500.0,1,0.0,27.1,27.9,70.9,20.5,1
2025-02-02,2025,2,2,0,46235896.0,1,0.0,27.3,28.5,69.6,18.4,1
2025-02-03,2025,3,2,1,60076660.0,0,1.0,28.1,29.7,68.4,13.4,1
2025-02-04,2025,4,2,2,64258682.0,0,1.0,27.6,28.6,62.5,22.3,1
2025-02-05,2025,5,2,3,67367732.0,0,1.0,26.9,27.7,64.3,22.3,1
2025-02-06,2025,6,2,4,70931358.0,0,1.0,26.8,27.4,68.4,20.5,1
2025-02-07,2025,7,2,5,75057000.0,0,1.0,27.1,27.8,65.8,13.0,1
2025-02-08,2025,8,2,6,73585500.0,0,0.5,27.3,28.0,64.0,20.9,1
2025-02-09,2025,9,2,0,64810500.0,0,0.0,26.7,27.3,57.4,18.4,1
2025-02-10,2025,10,2,1,76741000.0,0,1.0,27.1,27.8,60.0,14.8,2
2025-02-11,2025,11,2,2,81476818.5,0,1.0,27.7,29.6,71.0,15.0,2
2025-02-12,2025,12,2,3,82430329.0,0,1.0,27.8,30.6,80.3,18.4,2
2025-02-13,2025,13,2,4,81855369.0,0,1.0,27.0,29.5,86.6,14.4,2
2025-02-14,2025,14,2,5,82132475.0,0,1.0,27.8,30.7,81.2,13.4,2
2025-02-15,2025,15,2,6,80004866.5,0,0.5,28.0,31.4,81.5,22.3,2
2025-02-16,2025,16,2,0,70864019.5,0,0.0,28.5,31.1,72.7,22.3,2
2025-02-17,2025,17,2,1,83041021.5,0,1.0,28.8,30.9,66.0,16.6,2
2025-02-18,2025,18,2,2,86218112.0,0,1.0,28.6,31.3,70.2,18.4,2
2025-02-19,2025,19,2,3,84640814.0,0,1.0,27.0,28.6,78.8,22.3,2
2025-02-20,2025,20,2,4,85501617.0,0,1.0,28.1,30.2,72.8,20.5,2
2025-02-21,2025,21,2,5,85815676.0,0,1.0,28.2,30.0,69.9,17.0,2
2025-02-22,2025,22,2,6,80454351.0,0,0.5,27.1,29.4,79.6,13.7,2
2025-02-23,2025,23,2,0,71347370.0,0,0.0,28.1,30.5,74.3,24.1,2
2025-02-24,2025,24,2,1,85576835.0,0,1.0,29.2,31.4,66.7,27.7,1
2025-02-25,2025,25,2,2,86815464.0,0,1.0,28.4,30.3,66.8,16.6,2
2025-02-26,2025,26,2,3,88713431.0,0,1.0,29.5,31.6,61.5,14.8,2
2025-02-27,2025,27,2,4,89300166.5,0,1.0,29.0,30.8,63.2,20.5,1
2025-02-28,2025,28,2,5,88838466.0,0,1.0,29.3,31.4,61.0,18.4,1
2025-03-01,2025,1,3,6,85162062.0,0,0.5,28.8,30.7,63.4,22.9,1
2025-03-02,2025,2,3,0,73818433.0,0,0.0,28.7,30.2,63.3,22.3,1
2025-03-03,2025,3,3,1,87560163.0,0,1.0,29.2,31.8,68.8,21.2,1
2025-03-04,2025,4,3,2,90775833.0,0,1.0,28.8,31.7,73.7,20.5,1
2025-03-05,2025,5,3,3,91248729.0,0,1.0,29.1,32.6,73.7,20.5,1
2025-03-06,2025,6,3,4,92448094.0,0,1.0,29.5,33.5,71.3,20.5,1
2025-03-07,2025,7,3,5,92771423.0,0,1.0,29.9,33.5,68.0,25.9,2
2025-03-08,2025,8,3,6,89141265.0,0,0.5,29.8,33.1,66.5,20.5,2
2025-03-09,2025,9,3,0,77606231.0,0,0.0,29.5,31.7,62.0,22.3,2
2025-03-10,2025,10,3,1,90460941.0,0,1.0,29.8,32.7,65.7,20.5,2
2025-03-11,2025,11,3,2,93405672.0,0,1.0,29.4,32.6,70.7,22.3,1
2025-03-12,2025,12,3,3,94712146.0,0,1.0,30.5,34.2,63.4,25.9,2
2025-03-13,2025,13,3,4,94452666.0,0,1.0,30.3,33.2,61.3,24.1,1
2025-03-14,2025,14,3,5,94012732.0,0,1.0,30.1,33.6,65.0,19.9,1
2025-03-15,2025,15,3,6,91226709.0,0,0.5,29.6,34.3,72.5,22.3,1
2025-03-16,2025,16,3,0,79119209.0,0,0.0,29.2,33.3,72.4,24.5,2
2025-03-17,2025,17,3,1,89677472.0,0,1.0,29.1,32.5,72.6,18.4,2
2025-03-18,2025,18,3,2,93687780.0,0,1.0,30.0,33.7,67.8,18.4,2
2025-03-19,2025,19,3,3,92096227.0,0,1.0,29.6,31.2,56.9,19.3,1
2025-03-20,2025,20,3,4,88566111.0,0,1.0,28.1,29.1,58.7,20.5,1
2025-03-21,2025,21,3,5,89030791.0,0,1.0,28.8,30.2,60.0,20.5,1
2025-03-22,2025,22,3,6,87432755.0,0,0.5,29.5,31.4,63.2,20.5,1
2025-03-23,2025,23,3,0,77101439.0,0,0.0,29.2,31.1,62.4,18.4,1
2025-03-24,2025,24,3,1,87018919.0,0,1.0,28.5,30.1,65.4,24.1,1
2025-03-25,2025,25,3,2,87380824.0,0,1.0,27.9,29.2,66.5,20.5,1
2025-03-26,2025,26,3,3,86996241.0,0,1.0,27.9,29.9,72.5,18.4,1
2025-03-27,2025,27,3,4,88747490.0,0,1.0,28.5,30.3,70.1,16.6,1
2025-03-28,2025,28,3,5,89795157.0,0,1.0,29.3,32.0,70.0,18.4,2
2025-03-29,2025,29,3,6,88841054.0,0,0.5,29.4,33.7,71.9,21.6,2
2025-03-30,2025,30,3,0,80235402.0,0,0.0,30.5,34.6,65.3,21.6,2
2025-03-31,2025,31,3,1,90416203.0,0,1.0,28.9,33.0,76.3,14.8,2
2025-04-01,2025,1,4,2,89360688.0,0,1.0,28.0,32.2,84.9,9.4,2
2025-04-02,2025,2,4,3,89340008.0,0,1.0,28.9,31.6,73.5,29.5,2
2025-04-03,2025,3,4,4,91845637.0,0,1.0,30.0,32.8,63.7,20.5,1
2025-04-04,2025,4,4,5,91569398.0,0,1.0,29.8,32.5,64.0,22.3,1
2025-04-05,2025,5,4,6,86897282.0,0,0.5,29.5,32.5,67.6,24.1,1
2025-04-06,2025,6,4,0,75299099.0,0,0.0,29.8,33.1,67.7,22.3,1
2025-04-07,2025,7,4,1,75313982.0,1,0.0,30.6,33.3,59.0,20.5,1
2025-04-08,2025,8,4,2,91707309.0,0,1.0,30.1,33.4,62.8,20.5,1
2025-04-09,2025,9,4,3,94816965.0,0,1.0,30.1,34.0,66.1,25.9,2
2025-04-10,2025,10,4,4,95518657.0,0,1.0,29.4,34.0,75.8,20.5,2
2025-04-11,2025,11,4,5,95339311.0,0,1.0,30.0,35.0,74.0,20.5,2
2025-04-12,2025,12,4,6,94225192.0,0,0.5,30.9,35.8,68.5,20.5,2
2025-04-13,2025,13,4,0,85820186.7,0,0.0,30.6,36.6,72.5,24.1,2
2025-04-14,2025,14,4,1,96198320.0,0,1.0,30.9,35.7,66.8,18.4,2
2025-04-15,2025,15,4,2,96919521.0,0,1.0,29.8,34.6,72.3,24.1,2
2025-04-16,2025,16,4,3,96281562.0,0,1.0,30.3,35.0,68.4,23.9,2
2025-04-17,2025,17,4,4,98049604.0,0,1.0,30.3,36.0,73.8,16.6,2
2025-04-18,2025,18,4,5,99219541.0,0,1.0,31.0,37.4,72.1,18.4,2
2025-04-19,2025,19,4,6,97033878.0,0,0.5,31.1,36.6,68.2,20.5,2
2025-04-20,2025,20,4,0,86264822.0,0,0.0,30.7,35.6,68.5,22.3,1
2025-04-21,2025,21,4,1,97538364.0,0,1.0,30.9,36.2,68.1,24.1,2
2025-04-22,2025,22,4,2,98460457.0,0,1.0,30.4,35.8,71.7,27.7,2
2025-04-23,2025,23,4,3,97631420.0,0,1.0,29.7,34.2,73.3,25.9,2
2025-04-24,2025,24,4,4,97195501.0,0,1.0,29.8,34.1,75.3,20.5,2
2025-04-25,2025,25,4,5,97554808.0,0,1.0,30.6,36.3,72.4,18.4,2
2025-04-26,2025,26,4,6,93728081.0,0,0.5,29.2,34.8,80.2,22.3,2
2025-04-27,2025,27,4,0,82291587.0,0,0.0,29.6,33.3,73.6,20.5,2
2025-04-28,2025,28,4,1,94958238.0,0,1.0,30.9,36.1,67.6,22.3,1
2025-04-29,2025,29,4,2,92975929.0,0,1.0,30.8,35.3,65.4,22.3,2
2025-04-30,2025,30,4,3,71434212.0,1,0.0,30.7,34.2,64.6,20.5,2
2025-05-01,2025,1,5,4,69274747.0,1,0.0,31.1,35.8,63.5,18.4,2
2025-05-02,2025,2,5,5,82039586.0,1,0.0,30.9,35.9,66.0,24.1,2
2025-05-03,2025,3,5,6,84201728.0,0,0.5,29.6,34.5,75.2,21.2,2
2025-05-04,2025,4,5,0,79044566.0,0,0.0,29.6,33.4,73.3,20.5,2
2025-05-05,2025,5,5,1,95849268.0,0,1.0,30.6,36.6,72.5,25.9,2
2025-05-06,2025,6,5,2,100085480.0,0,1.0,30.8,37.8,73.8,25.9,2
2025-05-07,2025,7,5,3,100275300.0,0,1.0,31.0,37.3,73.6,20.5,1
2025-05-08,2025,8,5,4,100864195.0,0,1.0,31.4,37.9,70.5,20.5,2
2025-05-09,2025,9,5,5,101877063.0,0,1.0,30.8,38.1,74.9,18.4,2
2025-05-10,2025,10,5,6,86970871.0,0,0.5,27.1,30.5,88.8,14.8,2
2025-05-11,2025,11,5,0,78004215.0,0,0.0,29.2,33.8,77.7,19.6,2
2025-05-12,2025,12,5,1,90877421.0,0,1.0,29.0,33.6,80.2,16.6,2
2025-05-13,2025,13,5,2,95626535.0,0,1.0,29.8,35.7,78.9,16.6,2
2025-05-14,2025,14,5,3,97243673.0,0,1.0,30.1,36.5,77.7,24.1,2
2025-05-15,2025,15,5,4,97560890.0,0,1.0,29.3,34.1,79.4,29.5,2
2025-05-16,2025,16,5,5,97972910.0,0,1.0,30.2,36.5,78.4,20.5,2
2025-05-17,2025,17,5,6,94563648.0,0,0.5,29.9,36.2,78.6,25.9,2
2025-05-18,2025,18,5,0,85684718.0,0,0.0,30.8,36.9,70.9,23.2,2
2025-05-19,2025,19,5,1,97206860.0,0,1.0,30.4,37.1,75.2,20.5,2
2025-05-20,2025,20,5,2,96805605.0,0,1.0,29.4,35.6,79.9,14.8,2
2025-05-21,2025,21,5,3,95398234.0,0,1.0,29.0,34.4,83.6,25.8,2
2025-05-22,2025,22,5,4,91883713.0,0,1.0,28.0,32.0,87.8,18.9,2
2025-05-23,2025,23,5,5,89654087.0,0,1.0,28.2,33.0,87.3,22.3,2
2025-05-24,2025,24,5,6,83778809.0,0,0.5,27.5,31.1,89.1,24.1,2
2025-05-25,2025,25,5,0,75201880.0,0,0.0,28.7,33.4,82.3,16.6,2
2025-05-26,2025,26,5,1,90494195.0,0,1.0,29.7,34.4,77.6,21.2,2
2025-05-27,2025,27,5,2,97355937.0,0,1.0,30.6,37.6,74.4,18.6,2
2025-05-28,2025,28,5,3,98078537.0,0,1.0,29.9,35.0,76.2,15.7,2
2025-05-29,2025,29,5,4,91316141.0,0,1.0,27.7,31.0,87.6,25.9,2
2025-05-30,2025,30,5,5,90328731.0,0,1.0,28.9,32.9,79.6,20.7,2
2025-05-31,2025,31,5,6,81978259.0,0,0.5,28.0,31.8,81.6,28.8,2
2025-06-01,2025,1,6,0,76361644.0,0,0.0,29.0,33.2,82.3,26.9,2
2025-06-02,2025,2,6,1,88095912.0,0,1.0,28.4,34.0,87.9,23.4,2
2025-06-03,2025,3,6,2,85052991.0,0,1.0,27.1,29.8,88.9,30.8,2
2025-06-04,2025,4,6,3,87476123.0,0,1.0,28.2,32.4,86.5,18.2,2
2025-06-05,2025,5,6,4,90609022.0,0,1.0,29.4,35.0,81.3,22.8,2
2025-06-06,2025,6,6,5,92429212.0,0,1.0,29.6,35.9,81.2,22.7,2
2025-06-07,2025,7,6,6,85824320.0,0,0.5,28.6,34.9,88.7,18.9,2
2025-06-08,2025,8,6,0,73458571.0,0,0.0,28.2,33.0,85.3,29.4,2
2025-06-09,2025,9,6,1,85333220.0,0,1.0,28.0,32.4,85.6,34.5,2
2025-06-10,2025,10,6,2,85673634.0,0,1.0,27.3,30.3,89.7,23.8,2
2025-06-11,2025,11,6,3,82802547.0,0,1.0,27.0,29.2,86.4,32.9,2
2025-06-12,2025,12,6,4,84234317.0,0,1.0,27.6,31.0,84.1,35.6,2
2025-06-13,2025,13,6,5,84019577.0,0,1.0,27.7,31.4,86.7,28.6,2
2025-06-14,2025,14,6,6,82726919.0,0,0.5,29.1,34.9,82.4,25.1,2
2025-06-15,2025,15,6,0,77883142.0,0,0.0,29.9,36.2,79.7,18.4,2
2025-06-16,2025,16,6,1,91970813.0,0,1.0,29.3,34.7,82.2,20.6,2
2025-06-17,2025,17,6,2,90472882.0,0,1.0,28.5,33.2,84.4,12.2,2
