,ngay,san_luong,nhiet_do
0,2023-01-01,50990646.0,24
1,2023-01-02,60638038.0,24
2,2023-01-03,74333647.0,25
3,2023-01-04,75062469.0,26
4,2023-01-05,72323966.0,26
5,2023-01-06,70103958.0,23
6,2023-01-07,67168035.0,25
7,2023-01-08,58843165.0,24
8,2023-01-09,71733072.0,25
9,2023-01-10,71999979.0,25
10,2023-01-11,71885752.0,26
11,2023-01-12,72636920.0,26
12,2023-01-13,73324544.9,25
13,2023-01-14,70901639.0,26
14,2023-01-15,62856714.0,26
15,2023-01-16,68478056.0,26
16,2023-01-17,64148758.0,26
17,2023-01-18,57668679.3,25
18,2023-01-19,51101382.0,25
19,2023-01-20,46575515.0,26
20,2023-01-21,45438053.0,27
21,2023-01-22,42824123.3,28
22,2023-01-23,41829940.0,27
23,2023-01-24,40947808.0,26
24,2023-01-25,38423958.0,24
25,2023-01-26,40433576.0,24
26,2023-01-27,49411165.0,27
27,2023-01-28,48769030.0,26
28,2023-01-29,47834285.0,24
29,2023-01-30,59014408.0,22
30,2023-01-31,66646106.2,24
31,2023-02-01,70517268.0,26
32,2023-02-02,72937767.0,27
33,2023-02-03,74991464.0,27
34,2023-02-04,74190306.0,26
35,2023-02-05,64236011.0,25
36,2023-02-06,77063759.0,27
37,2023-02-07,79508664.0,27
38,2023-02-08,80553964.0,26
39,2023-02-09,80915482.0,27
40,2023-02-10,79670039.0,26
41,2023-02-11,76818085.0,26
42,2023-02-12,66810851.0,27
43,2023-02-13,79377979.8,27
44,2023-02-14,79924127.0,26
45,2023-02-15,80242869.0,26
46,2023-02-16,79068905.0,24
47,2023-02-17,79759453.0,25
48,2023-02-18,76653841.3,26
49,2023-02-19,65612512.0,26
50,2023-02-20,76397471.0,25
51,2023-02-21,78330293.0,25
52,2023-02-22,78182834.6,25
53,2023-02-23,78082919.0,25
54,2023-02-24,77826408.0,25
55,2023-02-25,72598469.0,24
56,2023-02-26,61908233.0,25
57,2023-02-27,74861347.0,24
58,2023-02-28,79161406.0,26
59,2023-03-01,81365174.0,27
60,2023-03-02,81620462.0,26
61,2023-03-03,78935113.0,25
62,2023-03-04,73223839.0,25
63,2023-03-05,61584735.0,24
64,2023-03-06,73260733.0,24
65,2023-03-07,75157862.0,24
66,2023-03-08,75536075.0,25
67,2023-03-09,75527562.0,24
68,2023-03-10,75109221.0,24
69,2023-03-11,71585557.0,24
70,2023-03-12,61095794.0,25
71,2023-03-13,74365600.9,25
72,2023-03-14,76641421.0,24
73,2023-03-15,77273936.0,25
74,2023-03-16,79119902.0,26
75,2023-03-17,79216437.0,26
76,2023-03-18,75779162.1,26
77,2023-03-19,67317983.0,26
78,2023-03-20,80671627.0,27
79,2023-03-21,84144531.0,26
80,2023-03-22,83371828.7,26
81,2023-03-23,83978016.0,27
82,2023-03-24,84044364.0,27
83,2023-03-25,79182088.0,27
84,2023-03-26,69192215.0,27
85,2023-03-27,83197555.0,27
86,2023-03-28,86852606.0,28
87,2023-03-29,85969251.0,27
88,2023-03-30,85548745.0,28
89,2023-03-31,83719045.7,27
90,2023-04-01,79308538.0,27
91,2023-04-02,70234087.0,26
92,2023-04-03,83494531.0,28
93,2023-04-04,86359360.0,28
94,2023-04-05,87281041.0,28
95,2023-04-06,88524931.0,28
96,2023-04-07,88537092.0,28
97,2023-04-08,85085183.0,28
98,2023-04-09,75484722.0,29
99,2023-04-10,86941470.0,29
100,2023-04-11,88646207.0,28
101,2023-04-12,88821535.0,28
102,2023-04-13,90861146.5,29
103,2023-04-14,91816412.0,29
104,2023-04-15,87017356.0,29
105,2023-04-16,71276726.0,25
106,2023-04-17,85790459.0,28
107,2023-04-18,88300187.1,28
108,2023-04-19,89347349.0,28
109,2023-04-20,91547229.0,29
110,2023-04-21,93530136.0,29
111,2023-04-22,92343243.7,29
112,2023-04-23,81046647.0,29
113,2023-04-24,92090221.0,29
114,2023-04-25,93566145.0,29
115,2023-04-26,92749953.0,29
116,2023-04-27,92483371.0,29
117,2023-04-28,88808995.0,29
118,2023-04-29,69592408.0,29
119,2023-04-30,61718550.0,29
120,2023-05-01,60556371.0,29
121,2023-05-02,69300308.0,29
122,2023-05-03,85590283.0,30
123,2023-05-04,93245797.0,30
124,2023-05-05,94441797.0,29
125,2023-05-06,94802677.0,29
126,2023-05-07,84989650.0,30
127,2023-05-08,90664317.0,30
128,2023-05-09,85598834.0,26
129,2023-05-10,88823668.0,26
130,2023-05-11,90687630.0,29
131,2023-05-12,89573956.0,28
132,2023-05-13,87096556.2,27
133,2023-05-14,78424939.0,29
134,2023-05-15,88025536.0,29
135,2023-05-16,86848266.0,29
136,2023-05-17,86532185.0,27
137,2023-05-18,88415277.9,27
138,2023-05-19,93563876.0,29
139,2023-05-20,88441631.0,30
140,2023-05-21,70432282.0,27
141,2023-05-22,82038915.5,27
142,2023-05-23,86935997.0,27
143,2023-05-24,89890468.0,28
144,2023-05-25,89600588.0,28
145,2023-05-26,84014973.0,28
146,2023-05-27,73888144.0,26
147,2023-05-28,63764236.0,25
148,2023-05-29,79319495.0,27
149,2023-05-30,83038879.0,27
150,2023-05-31,84614545.5,27
151,2023-06-01,87721305.0,27
152,2023-06-02,89158946.0,28
153,2023-06-03,85663431.0,29
154,2023-06-04,74036457.0,28
155,2023-06-05,80862380.0,26
156,2023-06-06,80453743.0,26
157,2023-06-07,81250385.0,27
158,2023-06-08,82366930.0,27
159,2023-06-09,82110827.0,27
160,2023-06-10,76483241.0,28
161,2023-06-11,66917253.0,27
162,2023-06-12,81010118.0,27
163,2023-06-13,80275485.1,26
164,2023-06-14,85614437.0,27
165,2023-06-15,87259463.0,28
166,2023-06-16,86771865.0,27
167,2023-06-17,79195497.0,28
168,2023-06-18,66276473.6,26
169,2023-06-19,83833736.0,27
170,2023-06-20,90432014.0,28
171,2023-06-21,90610200.0,28
172,2023-06-22,88813319.7,27
173,2023-06-23,86209032.0,26
174,2023-06-24,82660669.0,29
175,2023-06-25,67011817.0,27
176,2023-06-26,80468884.0,25
177,2023-06-27,83553731.0,26
178,2023-06-28,82516353.0,26
179,2023-06-29,81142822.0,27
180,2023-06-30,80486437.0,27
181,2023-07-01,74013980.0,26
182,2023-07-02,60973227.0,26
183,2023-07-03,76566239.0,26
184,2023-07-04,81465782.0,26
185,2023-07-05,84068153.0,28
186,2023-07-06,81154710.0,26
187,2023-07-07,83725219.0,26
188,2023-07-08,78132501.0,29
189,2023-07-09,66065271.0,26
190,2023-07-10,80758357.0,26
191,2023-07-11,86582021.0,27
192,2023-07-12,88466841.0,28
193,2023-07-13,87776824.2,29
194,2023-07-14,81428802.0,25
195,2023-07-15,78094314.0,26
196,2023-07-16,66694088.0,28
197,2023-07-17,75092810.0,26
198,2023-07-18,77750475.9,26
199,2023-07-19,79891960.0,26
200,2023-07-20,76706218.0,26
201,2023-07-21,73856818.0,25
202,2023-07-22,71215459.5,26
203,2023-07-23,60837360.0,26
204,2023-07-24,72720422.0,26
205,2023-07-25,76587425.0,26
206,2023-07-26,78170087.0,25
207,2023-07-27,78109168.0,27
208,2023-07-28,78599449.0,27
209,2023-07-29,72428580.0,26
210,2023-07-30,63300238.0,27
211,2023-07-31,78684622.8,27
212,2023-08-01,81980593.0,25
213,2023-08-02,83124364.0,28
214,2023-08-03,81635275.0,27
215,2023-08-04,82107596.0,28
216,2023-08-05,79053444.0,27
217,2023-08-06,70433181.0,27
218,2023-08-07,85303469.0,27
219,2023-08-08,88695367.0,28
220,2023-08-09,90325024.0,28
221,2023-08-10,90998825.0,28
222,2023-08-11,90858767.0,28
223,2023-08-12,86096261.0,28
224,2023-08-13,74331710.8,28
225,2023-08-14,86365095.0,28
226,2023-08-15,87931924.0,28
227,2023-08-16,87227143.0,27
228,2023-08-17,85528846.0,28
229,2023-08-18,83234897.5,27
230,2023-08-19,78346760.0,26
231,2023-08-20,66498591.0,25
232,2023-08-21,79555549.0,26
233,2023-08-22,83595808.2,27
234,2023-08-23,86038443.0,27
235,2023-08-24,87762021.0,27
236,2023-08-25,89533130.0,27
237,2023-08-26,85009748.0,28
238,2023-08-27,73341532.0,27
239,2023-08-28,84340239.0,26
240,2023-08-29,86537998.0,28
241,2023-08-30,80613925.0,26
242,2023-08-31,77233195.1,27
243,2023-09-01,64427091.0,26
244,2023-09-02,54505153.0,27
245,2023-09-03,55351896.0,26
246,2023-09-04,68789489.0,27
247,2023-09-05,79189393.0,27
248,2023-09-06,83250522.0,27
249,2023-09-07,84694027.0,27
250,2023-09-08,82648193.0,27
251,2023-09-09,75911407.0,25
252,2023-09-10,66596206.0,26
253,2023-09-11,78733914.0,27
254,2023-09-12,81609704.0,27
255,2023-09-13,83233524.8,26
256,2023-09-14,82805660.0,27
257,2023-09-15,80612223.0,25
258,2023-09-16,77306321.0,27
259,2023-09-17,67753171.0,27
260,2023-09-18,81302649.7,26
261,2023-09-19,84768713.0,27
262,2023-09-20,84705764.0,26
263,2023-09-21,83350748.0,25
264,2023-09-22,81694505.4,26
265,2023-09-23,77610044.0,26
266,2023-09-24,67484835.0,26
267,2023-09-25,78327095.0,25
268,2023-09-26,79452361.0,26
269,2023-09-27,78226562.0,26
270,2023-09-28,80718897.0,26
271,2023-09-29,83745952.0,27
272,2023-09-30,76320681.0,26
273,2023-10-01,65714417.0,26
274,2023-10-02,72759841.0,25
275,2023-10-03,76341426.0,25
276,2023-10-04,80080825.0,26
277,2023-10-05,80404422.0,27
278,2023-10-06,80595370.0,27
279,2023-10-07,78454113.0,26
280,2023-10-08,69941806.0,26
281,2023-10-09,82338707.0,26
282,2023-10-10,84314815.0,28
283,2023-10-11,86164076.0,27
284,2023-10-12,86192379.0,28
285,2023-10-13,81760642.2,25
286,2023-10-14,79223553.0,27
287,2023-10-15,68663500.0,26
288,2023-10-16,78208584.0,25
289,2023-10-17,82124982.0,26
290,2023-10-18,84220239.6,27
291,2023-10-19,84350745.0,27
292,2023-10-20,83002587.0,24
293,2023-10-21,79354716.0,27
294,2023-10-22,69699862.9,26
295,2023-10-23,77895341.0,26
296,2023-10-24,80010594.0,24
297,2023-10-25,81568076.0,26
298,2023-10-26,81808593.0,26
299,2023-10-27,83143824.0,27
300,2023-10-28,77209856.0,25
301,2023-10-29,66756086.0,25
302,2023-10-30,78640121.0,25
303,2023-10-31,81858979.6,26
304,2023-11-01,83196842.0,25
305,2023-11-02,83190413.0,26
306,2023-11-03,82215019.0,26
307,2023-11-04,78963109.0,25
308,2023-11-05,70955783.0,27
309,2023-11-06,82416890.0,25
310,2023-11-07,84628094.0,27
311,2023-11-08,85908999.0,26
312,2023-11-09,87524801.0,28
313,2023-11-10,85351246.0,26
314,2023-11-11,82767986.0,27
315,2023-11-12,73241580.0,27
316,2023-11-13,86556953.8,27
317,2023-11-14,88233169.0,27
318,2023-11-15,84605619.0,26
319,2023-11-16,81991015.0,26
320,2023-11-17,80547264.0,26
321,2023-11-18,74839251.2,25
322,2023-11-19,65047189.0,24
323,2023-11-20,78858565.0,26
324,2023-11-21,83222739.0,28
325,2023-11-22,83040307.0,26
326,2023-11-23,82991486.0,28
327,2023-11-24,78351131.0,26
328,2023-11-25,76114070.0,25
329,2023-11-26,68848121.0,26
330,2023-11-27,80067281.0,26
331,2023-11-28,81747366.0,26
332,2023-11-29,84066367.0,26
333,2023-11-30,86898525.0,27
334,2023-12-01,86609232.0,28
335,2023-12-02,79749041.0,27
336,2023-12-03,67150861.0,25
337,2023-12-04,81492239.0,27
338,2023-12-05,86017896.0,26
339,2023-12-06,86377137.0,28
340,2023-12-07,85974584.0,26
341,2023-12-08,83943395.0,26
342,2023-12-09,80593243.0,26
343,2023-12-10,70980406.0,27
344,2023-12-11,83362810.0,26
345,2023-12-12,86915155.0,26
346,2023-12-13,87495583.0,27
347,2023-12-14,89975140.0,28
348,2023-12-15,89315382.0,27
349,2023-12-16,85225403.0,27
350,2023-12-17,75132750.0,27
351,2023-12-18,85716469.0,26
352,2023-12-19,87629051.0,27
353,2023-12-20,85575563.0,27
354,2023-12-21,84129846.0,26
355,2023-12-22,82160915.0,25
356,2023-12-23,76914607.0,26
357,2023-12-24,64959446.0,25
358,2023-12-25,77002717.0,26
359,2023-12-26,80757083.0,25
360,2023-12-27,82927709.0,26
361,2023-12-28,83582362.0,26
362,2023-12-29,83713707.0,26
363,2023-12-30,78066372.0,28
364,2023-12-31,66141192.0,27
365,2024-01-01,60976121.0,26
366,2024-01-02,79621375.0,27
367,2024-01-03,84110074.0,26
368,2024-01-04,83598449.0,26
369,2024-01-05,82650719.0,25
370,2024-01-06,80909868.0,27
371,2024-01-07,72448443.0,27
372,2024-01-08,82877256.0,27
373,2024-01-09,85182437.0,26
374,2024-01-10,84987486.0,27
375,2024-01-11,84638012.0,27
376,2024-01-12,82151490.0,25
377,2024-01-13,77211125.0,25
378,2024-01-14,67163019.0,25
379,2024-01-15,78489811.0,25
380,2024-01-16,82937291.0,26
381,2024-01-17,83897380.0,26
382,2024-01-18,85475848.0,27
383,2024-01-19,84050338.0,26
384,2024-01-20,78664142.0,26
385,2024-01-21,68915124.0,26
386,2024-01-22,81024841.0,27
387,2024-01-23,84208265.0,27
388,2024-01-24,84906386.0,26
389,2024-01-25,85237891.0,26
390,2024-01-26,83692522.0,26
391,2024-01-27,79588899.0,25
392,2024-01-28,68993125.0,26
393,2024-01-29,80480886.0,27
394,2024-01-30,82503031.0,27
395,2024-01-31,82309523.0,27
396,2024-02-01,81201760.0,26
397,2024-02-02,79037558.0,26
398,2024-02-03,73542929.0,26
399,2024-02-04,65705095.0,26
400,2024-02-05,69261862.0,27
401,2024-02-06,64882957.0,26
402,2024-02-07,57823381.0,27
403,2024-02-08,49451858.0,27
404,2024-02-09,48178912.0,26
405,2024-02-10,44497423.0,27
406,2024-02-11,42902146.0,27
407,2024-02-12,42271590.0,26
408,2024-02-13,45300510.0,27
409,2024-02-14,50685625.0,28
410,2024-02-15,61652461.0,28
411,2024-02-16,64853407.0,27
412,2024-02-17,64838356.0,27
413,2024-02-18,65344718.0,27
414,2024-02-19,79463647.0,26
415,2024-02-20,81936994.0,27
416,2024-02-21,82397641.0,27
417,2024-02-22,83645135.0,27
418,2024-02-23,84961244.0,27
419,2024-02-24,82476971.0,27
420,2024-02-25,73019789.0,27
421,2024-02-26,85325224.0,28
422,2024-02-27,89416156.0,28
423,2024-02-28,88101753.0,28
424,2024-02-29,87866396.0,27
425,2024-03-01,87293808.0,27
426,2024-03-02,84723849.0,28
427,2024-03-03,74455489.0,28
428,2024-03-04,85718166.0,27
429,2024-03-05,87811162.0,27
430,2024-03-06,88694117.0,27
431,2024-03-07,87871362.0,27
432,2024-03-08,87563500.0,27
433,2024-03-09,85448300.0,28
434,2024-03-10,74748164.0,28
435,2024-03-11,87209948.0,28
436,2024-03-12,91648522.0,28
437,2024-03-13,90676070.0,28
438,2024-03-14,90022035.0,28
439,2024-03-15,87862566.0,27
440,2024-03-16,85357059.0,27
441,2024-03-17,76092938.0,28
442,2024-03-18,87424201.0,28
443,2024-03-19,88395443.0,27
444,2024-03-20,88814079.0,26
445,2024-03-21,90183770.0,28
446,2024-03-22,89306615.0,28
447,2024-03-23,86094660.0,27
448,2024-03-24,77317938.0,27
449,2024-03-25,89652986.0,27
450,2024-03-26,93191841.0,29
451,2024-03-27,94518848.0,29
452,2024-03-28,93541436.0,28
453,2024-03-29,93642553.0,28
454,2024-03-30,91077394.0,28
455,2024-03-31,81288535.1,29
456,2024-04-01,95020807.0,28
457,2024-04-02,95777137.0,29
458,2024-04-03,95121780.0,29
459,2024-04-04,95173228.0,29
460,2024-04-05,96891861.0,29
461,2024-04-06,91837223.0,29
462,2024-04-07,83545448.0,28
463,2024-04-08,94159888.0,29
464,2024-04-09,97875495.0,29
465,2024-04-10,96928306.0,29
466,2024-04-11,97069426.0,29
467,2024-04-12,96310778.0,30
468,2024-04-13,93426789.0,30
469,2024-04-14,80949509.0,29
470,2024-04-15,94164528.0,29
471,2024-04-16,97027862.0,29
472,2024-04-17,97052662.0,29
473,2024-04-18,85681455.0,29
474,2024-04-19,95962316.0,29
475,2024-04-20,94706893.0,29
476,2024-04-21,83719152.0,29
477,2024-04-22,96894530.4,29
478,2024-04-23,97554466.0,29
479,2024-04-24,101472304.0,29
480,2024-04-25,103992421.0,30
481,2024-04-26,103465532.0,30
482,2024-04-27,98121139.0,30
483,2024-04-28,84818849.0,30
484,2024-04-29,83683378.0,31
485,2024-04-30,75289587.0,30
486,2024-05-01,79273672.0,30
487,2024-05-02,99836115.0,31
488,2024-05-03,104513623.0,31
489,2024-05-04,101023132.0,31
490,2024-05-05,84466126.0,29
491,2024-05-06,97475968.0,28
492,2024-05-07,99152742.0,30
493,2024-05-08,98962758.0,27
494,2024-05-09,100026237.0,30
495,2024-05-10,100923024.0,30
496,2024-05-11,99334899.0,30
497,2024-05-12,91341788.0,30
498,2024-05-13,102438781.2,31
499,2024-05-14,102236548.0,28
500,2024-05-15,99901301.0,31
501,2024-05-16,94364608.0,26
502,2024-05-17,94832018.0,29
503,2024-05-18,94675836.4,29
504,2024-05-19,85682026.0,30
505,2024-05-20,95965654.0,30
506,2024-05-21,90254649.0,26
507,2024-05-22,92725129.3,28
508,2024-05-23,91649801.0,30
509,2024-05-24,93861647.0,28
510,2024-05-25,96063711.0,30
511,2024-05-26,83718141.0,31
512,2024-05-27,97398599.0,30
513,2024-05-28,95868437.0,29
514,2024-05-29,95201105.0,29
515,2024-05-30,94114949.0,28
516,2024-05-31,87878148.8,28
517,2024-06-01,84032989.0,27
518,2024-06-02,78048469.0,27
519,2024-06-03,95913190.0,29
520,2024-06-04,101334540.0,28
521,2024-06-05,102529670.0,30
522,2024-06-06,100195317.0,29
523,2024-06-07,92259587.0,30
524,2024-06-08,85933448.0,27
525,2024-06-09,74536681.0,27
526,2024-06-10,86792205.0,29
527,2024-06-11,93348785.0,28
528,2024-06-12,95861265.0,28
529,2024-06-13,98021245.0,28
530,2024-06-14,96404667.0,30
531,2024-06-15,89159736.0,28
532,2024-06-16,74586756.0,27
533,2024-06-17,90313942.0,28
534,2024-06-18,93861155.0,28
535,2024-06-19,95500629.0,29
536,2024-06-20,91873633.0,29
537,2024-06-21,84396427.0,25
538,2024-06-22,78809386.0,26
539,2024-06-23,68581528.0,26
540,2024-06-24,79740588.0,27
541,2024-06-25,84661026.0,27
542,2024-06-26,86938918.0,26
543,2024-06-27,85477314.0,28
544,2024-06-28,84958596.0,25
545,2024-06-29,84549372.0,29
546,2024-06-30,76238713.0,29
547,2024-07-01,89884847.0,28
548,2024-07-02,94236108.0,29
549,2024-07-03,88371340.0,25
550,2024-07-04,84956506.0,26
551,2024-07-05,84626849.0,26
552,2024-07-06,85198188.0,27
553,2024-07-07,76229861.0,29
554,2024-07-08,89784018.0,27
555,2024-07-09,89494756.0,26
556,2024-07-10,86445725.0,25
557,2024-07-11,84928720.0,26
558,2024-07-12,83338482.0,27
559,2024-07-13,78711145.0,26
560,2024-07-14,67944674.0,26
561,2024-07-15,80638577.0,26
562,2024-07-16,80975650.0,25
563,2024-07-17,78859165.0,25
564,2024-07-18,79929816.0,26
565,2024-07-19,79736433.0,26
566,2024-07-20,75120095.0,25
567,2024-07-21,67816803.0,26
568,2024-07-22,80161238.0,26
569,2024-07-23,85583970.0,27
570,2024-07-24,88641230.0,28
571,2024-07-25,85193903.0,26
572,2024-07-26,83112093.0,25
573,2024-07-27,78512023.0,28
574,2024-07-28,68506915.0,27
575,2024-07-29,84416034.0,27
576,2024-07-30,88867439.0,27
577,2024-07-31,89915418.0,27
578,2024-08-01,89985910.0,28
579,2024-08-02,89980113.0,27
580,2024-08-03,82578154.0,27
581,2024-08-04,68653301.0,27
582,2024-08-05,86512609.0,25
583,2024-08-06,87801178.0,27
584,2024-08-07,89744033.0,27
585,2024-08-08,93789686.0,27
586,2024-08-09,92276700.0,29
587,2024-08-10,88368477.0,28
588,2024-08-11,80747434.0,28
589,2024-08-12,90199595.0,28
590,2024-08-13,91769197.0,26
591,2024-08-14,94282916.0,28
592,2024-08-15,94751596.0,28
593,2024-08-16,94446618.0,29
594,2024-08-17,88246100.0,27
595,2024-08-18,79412150.0,29
596,2024-08-19,94221459.0,29
597,2024-08-20,94794938.0,27
598,2024-08-21,94313224.0,28
599,2024-08-22,95366600.0,26
600,2024-08-23,92156776.0,27
601,2024-08-24,86477163.0,27
602,2024-08-25,72933243.0,26
603,2024-08-26,84474105.0,26
604,2024-08-27,87434576.0,27
605,2024-08-28,85342956.0,27
606,2024-08-29,85172434.0,27
607,2024-08-30,86190391.0,27
608,2024-08-31,73867121.0,25
609,2024-09-01,59101301.0,26
610,2024-09-02,52664654.0,24
611,2024-09-03,63269704.0,26
612,2024-09-04,77070123.0,26
613,2024-09-05,82712920.0,26
614,2024-09-06,84082490.0,26
615,2024-09-07,83121817.0,27
616,2024-09-08,74059411.0,28
617,2024-09-09,89868475.0,27
618,2024-09-10,92451776.0,27
619,2024-09-11,88072859.0,25
620,2024-09-12,88192366.0,26
621,2024-09-13,86427864.9,26
622,2024-09-14,80564488.0,26
623,2024-09-15,70814789.0,27
624,2024-09-16,82959359.0,26
625,2024-09-17,82330691.0,26
626,2024-09-18,80518277.0,26
627,2024-09-19,82395489.0,26
628,2024-09-20,81378604.0,27
629,2024-09-21,74377004.0,26
630,2024-09-22,63800651.0,25
631,2024-09-23,77930001.0,26
632,2024-09-24,83044610.0,26
633,2024-09-25,84568057.0,28
634,2024-09-26,85020005.0,27
635,2024-09-27,85927332.0,27
636,2024-09-28,85739446.0,28
637,2024-09-29,80084070.0,29
638,2024-09-30,93003747.0,28
639,2024-10-01,93457651.0,28
640,2024-10-02,92947571.0,28
641,2024-10-03,86995935.0,28
642,2024-10-04,84998834.0,26
643,2024-10-05,82192620.0,25
644,2024-10-06,72546670.0,27
645,2024-10-07,84271124.0,26
646,2024-10-08,83922932.0,25
647,2024-10-09,84220673.0,25
648,2024-10-10,85067102.0,26
649,2024-10-11,85670881.0,26
650,2024-10-12,83602082.0,28
651,2024-10-13,72759340.0,26
652,2024-10-14,83367544.0,25
653,2024-10-15,85927992.0,27
654,2024-10-16,83614073.0,25
655,2024-10-17,83240878.0,26
656,2024-10-18,82517139.5,25
657,2024-10-19,80870006.0,26
658,2024-10-20,71501422.0,25
659,2024-10-21,81154467.0,25
660,2024-10-22,84498686.0,26
661,2024-10-23,85653862.0,27
662,2024-10-24,90047230.0,27
663,2024-10-25,91547171.0,27
664,2024-10-26,88278093.0,28
665,2024-10-27,71612247.0,28
666,2024-10-28,75815837.0,25
667,2024-10-29,79936321.0,25
668,2024-10-30,85592830.0,26
669,2024-10-31,88396542.0,27
670,2024-11-01,88444637.0,27
671,2024-11-02,84407516.0,27
672,2024-11-03,72377007.0,25
673,2024-11-04,84148620.0,25
674,2024-11-05,85887091.0,27
675,2024-11-06,85535098.0,25
676,2024-11-07,85643590.0,25
677,2024-11-08,84681881.0,26
678,2024-11-09,80784007.0,26
679,2024-11-10,72809062.0,26
680,2024-11-11,86480260.0,27
681,2024-11-12,90751799.0,28
682,2024-11-13,89759327.0,28
683,2024-11-14,89845699.0,27
684,2024-11-15,88713053.0,28
685,2024-11-16,86852948.0,27
686,2024-11-17,75686975.0,27
687,2024-11-18,88039510.0,26
688,2024-11-19,92065954.0,28
689,2024-11-20,90949102.0,27
690,2024-11-21,90231112.0,26
691,2024-11-22,89471773.5,27
692,2024-11-23,83667590.0,25
693,2024-11-24,76724114.0,28
694,2024-11-25,88865290.0,28
695,2024-11-26,89855398.0,27
696,2024-11-27,89639790.0,27
697,2024-11-28,87671218.0,27
698,2024-11-29,82353117.0,26
699,2024-11-30,77031767.0,25
700,2024-12-01,69910434.0,25
701,2024-12-02,85129584.0,28
702,2024-12-03,84103710.0,25
703,2024-12-04,82554946.0,25
704,2024-12-05,82737289.0,25
705,2024-12-06,86496550.0,27
706,2024-12-07,82836927.0,27
707,2024-12-08,71905201.0,26
708,2024-12-09,84196917.0,26
709,2024-12-10,86131873.0,26
710,2024-12-11,84715545.0,26
711,2024-12-12,84937583.0,26
712,2024-12-13,82679096.0,26
713,2024-12-14,76986625.0,25
714,2024-12-15,65598217.0,25
715,2024-12-16,76547471.0,25
716,2024-12-17,80185268.0,24
717,2024-12-18,82339196.0,26
718,2024-12-19,83258851.0,26
719,2024-12-20,82574789.0,25
720,2024-12-21,75913830.0,25
721,2024-12-22,62882208.9,24
722,2024-12-23,75258643.0,22
723,2024-12-24,79209169.0,26
724,2024-12-25,81188854.0,26
725,2024-12-26,85618446.0,26
726,2024-12-27,84898277.0,27
727,2024-12-28,80235593.0,25
728,2024-12-29,69448069.0,25
729,2024-12-30,78567133.0,24
730,2024-12-31,78033303.6,25
731,2025-01-01,62236344.0,26
732,2025-01-02,79501687.0,26
733,2025-01-03,84438626.0,27
734,2025-01-04,79852412.0,26
735,2025-01-05,70682606.0,25
736,2025-01-06,81218289.0,26
737,2025-01-07,82756613.0,25
738,2025-01-08,82533831.0,26
739,2025-01-09,81929225.0,25
740,2025-01-10,83087616.0,27
741,2025-01-11,76440333.0,24
742,2025-01-12,65494724.0,23
743,2025-01-13,74628216.3,22
744,2025-01-14,78974859.0,22
745,2025-01-15,82653983.0,25
746,2025-01-16,83682283.0,26
747,2025-01-17,80123321.0,24
748,2025-01-18,76607088.0,24
749,2025-01-19,69624630.0,26
750,2025-01-20,77942145.0,26
751,2025-01-21,76970336.0,25
752,2025-01-22,75101751.0,25
753,2025-01-23,73290866.0,26
754,2025-01-24,68912500.0,25
755,2025-01-25,58852000.0,25
756,2025-01-26,51721500.0,27
757,2025-01-27,46104000.0,25
758,2025-01-28,43013500.0,24
759,2025-01-29,36465500.0,23
760,2025-01-30,35448500.0,22
761,2025-01-31,37382000.0,23
762,2025-02-01,41181500.0,25
763,2025-02-02,46235896.0,24
764,2025-02-03,60076660.0,26
765,2025-02-04,64258682.0,26
766,2025-02-05,67367732.0,25
767,2025-02-06,70931358.0,25
768,2025-02-07,75057000.0,24
769,2025-02-08,73585500.0,25
770,2025-02-09,64810500.0,24
771,2025-02-10,76741000.0,24
772,2025-02-11,81476818.5,26
773,2025-02-12,82430329.0,23
774,2025-02-13,81855369.0,27
775,2025-02-14,82132475.0,26
776,2025-02-15,80004866.5,27
777,2025-02-16,70864019.5,26
778,2025-02-17,83041021.5,27
779,2025-02-18,86218112.0,26
780,2025-02-19,84640814.0,25
781,2025-02-20,85501617.0,26
782,2025-02-21,85815676.0,27
783,2025-02-22,80454351.0,25
784,2025-02-23,71347370.0,26
785,2025-02-24,85576835.0,27
786,2025-02-25,86815464.0,26
787,2025-02-26,88713431.0,27
788,2025-02-27,89300166.5,27
789,2025-02-28,88838466.0,27
790,2025-03-01,85162062.0,27
791,2025-03-02,73818433.0,26
792,2025-03-03,87560163.0,26
793,2025-03-04,90775833.0,27
794,2025-03-05,91248729.0,27
795,2025-03-06,92448094.0,27
796,2025-03-07,92771423.0,27
797,2025-03-08,89141265.0,28
798,2025-03-09,77606231.0,28
799,2025-03-10,90460941.0,27
800,2025-03-11,93405672.0,27
801,2025-03-12,94712146.0,29
802,2025-03-13,94452666.0,28
803,2025-03-14,94012732.0,27
804,2025-03-15,91226709.0,27
805,2025-03-16,79119209.0,27
806,2025-03-17,89677472.0,28
807,2025-03-18,93687780.0,27
808,2025-03-19,92096227.0,27
809,2025-03-20,88566111.0,26
810,2025-03-21,89030791.0,26
811,2025-03-22,87432755.0,27
812,2025-03-23,77101439.0,27
813,2025-03-24,87018919.0,26
814,2025-03-25,87380824.0,26
815,2025-03-26,86996241.0,25
816,2025-03-27,88747490.0,26
817,2025-03-28,89795157.0,27
818,2025-03-29,88841054.0,27
819,2025-03-30,80235402.0,28
820,2025-03-31,90416203.0,28
821,2025-04-01,89360688.0,28
822,2025-04-02,89340008.0,26
823,2025-04-03,91845637.0,27
824,2025-04-04,91569398.0,27
825,2025-04-05,86897282.0,27
826,2025-04-06,75299099.0,27
827,2025-04-07,75313982.0,28
828,2025-04-08,91707309.0,28
829,2025-04-09,94816965.0,28
830,2025-04-10,95518657.0,27
831,2025-04-11,95339311.0,28
832,2025-04-12,94225192.0,28
833,2025-04-13,85820186.7,29
834,2025-04-14,96198320.0,28
835,2025-04-15,96919521.0,28
836,2025-04-16,96281562.0,28
837,2025-04-17,98049604.0,28
838,2025-04-18,99219541.0,29
839,2025-04-19,97033878.0,29
840,2025-04-20,86264822.0,28
841,2025-04-21,97538364.0,28
842,2025-04-22,98460457.0,28
843,2025-04-23,97631420.0,28
844,2025-04-24,97195501.0,27
845,2025-04-25,97554808.0,27
846,2025-04-26,93728081.0,29
847,2025-04-27,82291587.0,25
848,2025-04-28,94958238.0,28
849,2025-04-29,92975929.0,29
850,2025-04-30,71434212.0,28
851,2025-05-01,69274747.0,29
852,2025-05-02,82039586.0,29
853,2025-05-03,84201728.0,28
854,2025-05-04,79044566.0,26
855,2025-05-05,95849268.0,29
856,2025-05-06,100085480.0,29
857,2025-05-07,100275300.0,30
858,2025-05-08,100864195.0,29
859,2025-05-09,101877063.0,29
860,2025-05-10,86970871.0,29
861,2025-05-11,78004215.0,25
862,2025-05-12,90877421.0,27
863,2025-05-13,95626535.0,29
864,2025-05-14,97243673.0,27
865,2025-05-15,97560890.0,27
866,2025-05-16,97972910.0,28
867,2025-05-17,94563648.0,30
868,2025-05-18,85684718.0,29
869,2025-05-19,97206860.0,29
870,2025-05-20,96805605.0,28
871,2025-05-21,95398234.0,29
872,2025-05-22,91883713.0,26
873,2025-05-23,89654087.0,27
874,2025-05-24,83778809.0,27
875,2025-05-25,75201880.0,27
876,2025-05-26,90494195.0,26
877,2025-05-27,97355937.0,29
878,2025-05-28,98078537.0,26
879,2025-05-29,91316141.0,28
880,2025-05-30,90328731.0,25
881,2025-05-31,81978259.0,28
882,2025-06-01,76361644.0,26
883,2025-06-02,88095912.0,27
884,2025-06-03,85052991.0,27
885,2025-06-04,87476123.0,26
886,2025-06-05,90609022.0,26
887,2025-06-06,92429212.0,28
888,2025-06-07,85824320.0,28
889,2025-06-08,73458571.0,27
890,2025-06-09,85333220.0,27
891,2025-06-10,85673634.0,27
892,2025-06-11,82802547.0,25
893,2025-06-12,84234317.0,26
894,2025-06-13,84019577.0,27
895,2025-06-14,82726919.0,28
896,2025-06-15,77883142.0,28
897,2025-06-16,91970813.0,28
898,2025-06-17,90472882.0,26
